Name,Diet,Period,Lived_In,Type,Length,Taxonomy,Named_By,Species
Aardonyx,Herbivorous,Early Jurassic 199-189 Million Years Ago,South Africa,Sauropod,8.0M,Dinosauria Saurischia Sauropodomorpha Prosauropoda Anchisauria,Yates Bonnan Neveling Chinsamy And Blackbeard 2010 (2009),Celestae
Abelisaurus,Carnivorous,Late Cretaceous 74-70 Million Years Ago,Argentina,Large Theropod,9.0M,Dinosauria Saurischia Theropoda Neotheropoda Ceratosauria Neoceratosauria Abelisauridae Abelisaurinae,Bonaparte And Novas (1985),Comahuensis
Achelousaurus,Herbivorous,Late Cretaceous 83-70 Million Years Ago,Usa,Ceratopsian,6.0M,Dinosauria Ornithischia Genasauria Cerapoda Marginocephalia Ceratopsia Neoceratopsia Coronosauria Ceratopsidae Centrosaurinae,Sampson  (1995),Horneri
Achillobator,Carnivorous,Late Cretaceous 99-84 Million Years Ago,Mongolia,Large Theropod,5.0M,Dinosauria Saurischia Theropoda Neotheropoda Tetanurae Avetheropoda Coelurosauria Tyrannoraptora Maniraptoriformes Maniraptora Paraves Eumaniraptora Dromaeosauridae,Perle Norell And Clark (1999),Giganteus
Acrocanthosaurus,Carnivorous,Early Cretaceous 115-105 Million Years Ago,Usa,Large Theropod,12.0M,Dinosauria Saurischia Theropoda Neotheropoda Tetanurae Avetheropoda Carnosauria Allosauroidea Carcharodontosauridae,Stovall And Langston (1950),Atokensis
Aegyptosaurus,Herbivorous,Late Cretaceous 98-93 Million Years Ago,Egypt,Sauropod,15.0M,Dinosauria Saurischia Sauropodomorpha Sauropoda Eusauropoda Neosauropoda Macronaria Camarasauromorpha Titanosauriformes Titanosauria,Stromer (1932),Baharijensis
Afrovenator,Carnivorous,Early Cretaceous 132-121 Million Years Ago,Niger,Large Theropod,9.0M,Dinosauria Saurischia Theropoda Neotheropoda Tetanurae Spinosauroidea Megalosauridae Eustreptospondylinae,Sereno Wilson Larsson Dutheil And Sues (1944),Abakensis
Agilisaurus,Herbivorous,Late Jurassic 169-159 Million Years Ago,China,Euornithopod,1.5M,Dinosauria Ornithischia Genasauria Cerapoda Ornithopoda Euornithopoda,Peng (1990),Louderbacki
Alamosaurus,Herbivorous,Late Cretaceous 70-65 Million Years Ago,Usa,Sauropod,21.0M,Dinosauria Saurischia Sauropodomorpha Sauropoda Eusauropoda Neosauropoda Macronaria Camarasauromorpha Titanosauriformes Titanosauria Lithostrotia,Gilmore (1922),Sanjuanensis
Albertaceratops,Herbivorous,Late Cretaceous 80-75 Million Years Ago,Usa,Ceratopsian,7.0M,Dinosauria Ornithischia,Ryan 2007,Nesmoi
Albertosaurus,Carnivorous,Late Cretaceous 76-74 Million Years Ago,Canada,Large Theropod,9.0M,Dinosauria Saurischia Theropoda Neotheropoda Tetanurae Avetheropoda Coelurosauria Tyrannoraptora Tyrannosauroidea Tyrannosauridae Albertosaurinae,Lamb (1914),Libratus
Alectrosaurus,Carnivorous,Late Cretaceous 90-70 Million Years Ago,Mongolia,Large Theropod,5.0M,Dinosauria Saurischia Theropoda Neotheropoda Tetanurae Avetheropoda Coelurosauria Tyrannoraptora Tyrannosauroidea,Gilmore (1933),Olseni
Alioramus,Carnivorous,Late Cretaceous 71-65 Million Years Ago,Mongolia,Large Theropod,6.0M,Dinosauria Saurischia Theropoda Neotheropoda Tetanurae Avetheropoda Coelurosauria Tyrannoraptora Tyrannosauroidea,Kurzanov (1976),Remotus
Allosaurus,Carnivorous,Late Jurassic 156-144 Million Years Ago,Usa,Large Theropod,12.0M,Dinosauria Saurischia Theropoda Neotheropoda Tetanurae Avetheropoda Carnosauria Allosauroidea Allosauridae,Marsh (1877),Fragilis
Alvarezsaurus,Carnivorous,Late Cretaceous 89-85 Million Years Ago,Argentina,Small Theropod,2.0M,Dinosauria Saurischia Theropoda Neotheropoda Tetanurae Avetheropoda Coelurosauria Tyrannoraptora Maniraptoriformes Maniraptora Alvarezsauridae,Bonaparte (1991),Calvoi
Amargasaurus,Herbivorous,Early Cretaceous 132-127 Million Years Ago,Argentina,Sauropod,12.0M,Dinosauria Saurischia Sauropodomorpha Sauropoda Eusauropoda Neosauropoda Diplodocoidea Dicraeosauridae,Salgado And Bonaparte (1991),Cazaui
Ammosaurus,Herbivorous,Early Jurassic 195-180 Million Years Ago,Usa,Sauropod,5.0M,Dinosauria Saurischia Sauropodomorpha Prosauropoda Anchisauria Anchisauridae,Marsh (1891),Major
Ampelosaurus,Herbivorous,Late Cretaceous 71-65 Million Years Ago,France,Sauropod,15.0M,Dinosauria Saurischia Sauropodomorpha Sauropoda Eusauropoda Neosauropoda Macronaria Camarasauromorpha Titanosauriformes Titanosauria Lithostrotia,Le Loeuff (1995),Atacis
Amygdalodon,Herbivorous,Mid Jurassic 177-169 Million Years Ago,Argentina,Sauropod,15.0M,Dinosauria Saurischia Sauropodomorpha Sauropoda Eusauropoda,Cabrera (1947),Patagonicus
Anchiceratops,Herbivorous,Late Cretaceous 74-70 Million Years Ago,Canada,Ceratopsian,6.0M,Dinosauria Ornithischia Genasauria Cerapoda Marginocephalia Ceratopsia Neoceratopsia Coronosauria Ceratopsidae Chasmosaurinae,Brown (1914),Ornatus
Anchisaurus,Herbivorous,Early Jurassic 190 Million Years Ago,Usa,Sauropod,2.0M,Dinosauria Saurischia Sauropodomorpha Prosauropoda Anchisauria Anchisauridae,Marsh (1885),Polyzelous
Ankylosaurus,Herbivorous,Late Cretaceous 74-67 Million Years Ago,Usa,Armoured Dinosaur,7.0M,Dinosauria Ornithischia Genasauria Thyreophora Ankylosauromorpha Ankylosauria Ankylosauridae,Brown (1908),Magniventris
Anserimimus,Carnivorous,Late Cretaceous 84-65 Million Years Ago,Mongolia,Large Theropod,3.5M,Dinosauria Saurischia Theropoda Neotheropoda Tetanurae Avetheropoda Coelurosauria Tyrannoraptora Maniraptoriformes Ornithomimosauria Ornithomimidae,Barsbold (1988),Planinychus
Antarctosaurus,Herbivorous,Late Cretaceous 84-65 Million Years Ago,Uruguay,Sauropod,18.0M,Dinosauria Saurischia Sauropodomorpha Sauropoda Eusauropoda Neosauropoda Macronaria Camarasauromorpha Titanosauriformes Titanosauria Lithostrotia,Von Huene (1929),Wichmannianus
Apatosaurus,Herbivorous,Late Jurassic 154-145 Million Years Ago,Usa,Sauropod,21.0M,Dinosauria Saurischia Sauropodomorpha Sauropoda Eusauropoda Neosauropoda Diplodocoidea Diplodocidae,Marsh (1877),Ajax
Aragosaurus,Herbivorous,Early Cretaceous 132-121 Million Years Ago,Spain,Sauropod,18.0M,Dinosauria Saurischia Sauropodomorpha Sauropoda Eusauropoda,Sanz Buscalioni Casanovas And Sanafã© (1987),Ischiadicus
Aralosaurus,Herbivorous,Late Cretaceous 94-84 Million Years Ago,Kazakhstan,Euornithopod,8.0M,Dinosauria Ornithischia Genasauria Cerapoda Ornithopoda Euornithopoda Iguanadontia Euiguanadontia Dryomorpha Ankylopollexia Iguanodontoidea Hadrosauridae Euhadrosauria Hadrosaurinae,Rozhdestvensky (1968),Tuberiferus
Archaeoceratops,Herbivorous,Early Cretaceous 121-99 Million Years Ago,China,Ceratopsian,1.3M,Dinosauria Ornithischia Genasauria Cerapoda Marginocephalia Ceratopsia Neoceratopsia,Dong And Azuma (1987),Oshimai
Archaeopteryx,Carnivorous,Late Jurassic 147 Million Years Ago,Germany,Small Theropod,0.5M,Dinosauria Saurischia Theropoda Neotheropoda Tetanurae Avetheropoda Coelurosauria Tyrannoraptora Maniraptoriformes Maniraptora Paraves Eumaniraptoria Avialae Archaeopterygidae,Mayer (1861),Lithographica
Archaeornithomimus,Carnivorous,Late Cretaceous 95-70 Million Years Ago,Uzbekistan,Small Theropod,3.5M,Dinosauria Saurischia Theropoda Neotheropoda Tetanurae Avetheropoda Coelurosauria Tyrannoraptora Maniraptoriformes Ornithomimosauria Ornithomimidae,Russell (1972),Asiaticus
Argentinosaurus,Herbivorous,Late Cretaceous 90 Million Years Ago,Argentina,Sauropod,35.0M,Dinosauria Saurischia Sauropodomorpha Sauropoda Eusauropoda Neosauropoda Macronaria Camarasauromorpha Titanosauriformes Titanosauria,Bonaparte And Coria (1993),Huinculensis
Arrhinoceratops,Herbivorous,Late Cretaceous 72-67 Million Years Ago,Canada,Ceratopsian,6.0M,Dinosauria Ornithischia Genasauria Cerapoda Marginocephalia Ceratopsia Neoceratopsia Coronosauria Ceratopsidae Chasmosaurinae,Parks (1925),Brachyops
Atlascopcosaurus,Herbivorous,Early Cretaceous 121-97 Million Years Ago,Australia,Euornithopod,3.0M,Dinosauria Ornithischia Genasauria Cerapoda Ornithopoda Euornithopoda,Rich And Rich (1989),Loadsi
Aucasaurus,Carnivorous,Late Cretaceous 84-71 Million Years Ago,Argentina,Large Theropod,5.0M,Dinosauria Saurischia Theropoda Neotheropoda Ceratosauria Neoceratosauria Abelisauroidea Abelisauria,Coria Chiappe And Dingus (2002),Garridoi
Austrosaurus,Herbivorous,Early Cretaceous 112-99 Million Years Ago,Australia,Sauropod,15.0M,Dinosauria Saurischia Sauropodomorpha Sauropoda Eusauropoda Neosauropoda Macronaria Camarasauromorpha Titanosauriformes Titanosauria,Longman (1933),Mckillopi
Avaceratops,Herbivorous,Late Cretaceous 80-75 Million Years Ago,Usa,Ceratopsian,2.3M,Dinosauria Ornithischia Genasauria Cerapoda Marginocephalia Ceratopsia Neoceratopsia Coronosauria Ceratopsidae Centrosaurinae,Dodson (1986),Lammersi
Avimimus,Omnivorous,Late Cretaceous 80-75 Million Years Ago,Mongolia,Small Theropod,1.5M,Dinosauria Saurischia Theropoda Neotheropoda Tetanurae Avetheropoda Coelurosauria Tyrannoraptora Maniraptoriformes Maniraptora Oviraptorosauria Avimimidae,Kurzanov (1981),Portentosus
Bactrosaurus,Herbivorous,Late Cretaceous 84-71 Million Years Ago,China,Euornithopod,6.0M,Dinosauria Ornithischia Genasauria Cerapoda Ornithopoda Euornithopoda Iguanadontia Euiguanadontia Dryomorpha Ankylopollexia Iguanodontoidea Hadrosauridae,Gilmore (1933),Johnsoni
Bagaceratops,Herbivorous,Late Cretaceous 85-80 Million Years Ago,Mongolia,Ceratopsian,1.0M,Dinosauria Ornithischia Genasauria Cerapoda Marginocephalia Ceratopsia Neoceratopsia Bagaceratopsidae,Maryanska And Osmolska (1975),Rozhdestvenskyi
Bambiraptor,Carnivorous,Late Cretaceous 84-71 Million Years Ago,Usa,Small Theropod,1.0M,Dinosauria Saurischia Theropoda Neotheropoda Tetanurae Avetheropoda Coelurosauria Tyrannoraptora Maniraptoriformes Maniraptora Paraves Eumaniraptora Dromaeosauridae,Burnham Derstler Currie Bakker Zhou And Ostrom (2000),Feinbergorum
Barapasaurus,Herbivorous,Early Jurassic 185-170 Million Years Ago,India,Sauropod,14.0M,Dinosauria Saurischia Sauropodomorpha Sauropoda Eusauropoda Cetiosauridae,Jain Kutty Roy-Chowdhury And Chatterjee (1975),Tagorei
Barosaurus,Herbivorous,Late Jurassic 155-145 Million Years Ago,Usa,Sauropod,24.0M,Dinosauria Saurischia Sauropodomorpha Sauropoda Eusauropoda Neosauropoda Diplodocoidea Diplodocidae,Marsh (1890),Lentus
Baryonyx,Carnivorous,Early Cretaceous 125 Million Years Ago,United Kingdom,Large Theropod,10.0M,Dinosauria Saurischia Theropoda Neotheropoda Tetanurae Spinosauroidea Spinosauridae Baryonychinae,Charig And Milner (1987),Walkeri
Becklespinax,Carnivorous,Early Cretaceous 142-132 Million Years Ago,United Kingdom,Large Theropod,5.0M,Dinosauria Saurischia Theropoda Neotheropoda Tetanurae,Paul (1988),Altispinax
Beipiaosaurus,Omnivorous,Early Cretaceous 127-121 Million Years Ago,China,Small Theropod,2.0M,Dinosauria Saurischia Theropoda Neotheropoda Tetanurae Avetheropoda Coelurosauria Tyrannoraptora Maniraptoriformes Maniraptora Therizinosauroidea,Xu Tang And Wang (1999),Inexpectus
Bellusaurus,Herbivorous,Mid Jurassic 180-159 Million Years Ago,China,Sauropod,5.0M,Dinosauria Saurischia Sauropodomorpha Sauropoda Eusauropoda Neosauropoda Macronaria,Dong And Azuma (1990),Sui
Borogovia,Carnivorous,Late Cretaceous 84-65 Million Years Ago,Mongolia,Small Theropod,1.5M,Dinosauria Saurischia Theropoda Neotheropoda Tetanurae Avetheropoda Coelurosauria Tyrannoraptora Maniraptoriformes Maniraptora Paraves Eumaniraptoria Troodontidae,Osmã³Lska (1987),Gracilicrus
Brachiosaurus,Herbivorous,Late Jurassic 155-140 Million Years Ago,Usa,Sauropod,30.0M,Dinosauria Saurischia Sauropodomorpha Sauropoda Eusauropoda Neosauropoda Macronaria Camarasauromorpha Titanosauriformes Brachiosauridae,Riggs (1903),Altithorax
Brachylophosaurus,Herbivorous,Late Cretaceous 89-88 Million Years Ago,Usa,Euornithopod,7.0M,Dinosauria Ornithischia Genasauria Cerapoda Ornithopoda Euornithopoda Iguanadontia Euiguanadontia Dryomorpha Ankylopollexia Iguanodontoidea Hadrosauridae Euhadrosauria Hadrosaurinae,C. M. Sternberg (1953),Canadensis
Brachytrachelopan,Herbivorous,Mid Jurassic 150 Million Years Ago,Argentina,Sauropod,10.0M,Dinosauria Saurischia Sauropodomorpha Sauropoda Eusauropoda Neosauropoda Diplodocoidea Dicraeosauridae,Rauhut Remes Fechner Cladera And Puerta (2005),Mesai
Buitreraptor,Carnivorous,Late Cretaceous 99-90 Million Years Ago,Argentina,Small Theropod,1.3M,Dinosauria Saurischia Theropoda Neotheropoda Tetanurae Avetheropoda Coelurosauria Tyrannoraptora Maniraptoriformes Maniraptora Paraves Eumaniraptora Dromaeosauridae Unenlagiinae,Makovicky Apesteguã­A &Amp; Agnolin (2005),Gonzalezorum
Camarasaurus,Herbivorous,Late Jurassic 150-140 Million Years Ago,Usa,Sauropod,23.0M,Dinosauria Saurischia Sauropodomorpha Sauropoda Eusauropoda Neosauropoda Macronaria Camarasauromorpha Camarasauridae,Cope (1877),Supremus
Camptosaurus,Herbivorous,Late Jurassic 155-145 Million Years Ago,Usa,Euornithopod,5.0M,Dinosauria Ornithischia Genasauria Cerapoda Ornithopoda Euornithopoda Iguanadontia Euiguanadontia Dryomorpha Ankylopollexia,Marsh (1885),Dispar
Carcharodontosaurus,Carnivorous,Late Cretaceous 98-94 Million Years Ago,North Africa,Large Theropod,15.0M,Dinosauria Saurischia Theropoda Neotheropoda Tetanurae Avetheropoda Carnosauria Allosauroidea Carcharodontosauridae,Stromer (1931),Saharicus
Carnotaurus,Carnivorous,Late Cretaceous 70 Million Years Ago,Argentina,Large Theropod,7.6M,Dinosauria Saurischia Theropoda Neotheropoda Ceratosauria Neoceratosauria Abelisauridae,Bonaparte (1985),Sastrei
Caudipteryx,Omnivorous,Early Cretaceous 125-122 Million Years Ago,China,Small Theropod,1.0M,Dinosauria Saurischia Theropoda Neotheropoda Tetanurae Avetheropoda Coelurosauria Tyrannoraptora Maniraptoriformes Maniraptora Oviraptorosauria Caudipterygidae,Ji Currie Norell And Ji. (1998),Zoui
Cedarpelta,Herbivorous,Early Cretaceous 142-127 Million Years Ago,Usa,Armoured Dinosaur,10.0M,Dinosauria Ornithischia Genasauria Thyreophora Ankylosauromorpha Ankylosauria Ankylosauridae,Carpenter Kirkland Burge And Bird (2001),Bilbeyhallorum
Centrosaurus,Herbivorous,Late Cretaceous 76-74 Million Years Ago,Canada,Ceratopsian,6.0M,Dinosauria Ornithischia Genasauria Cerapoda Marginocephalia Ceratopsia Neoceratopsia Coronosauria Ceratopsidae Centrosaurinae,Apertus,
Ceratosaurus,Carnivorous,Late Jurassic 153-148 Million Years Ago,Usa,Large Theropod,6.0M,Dinosauria Saurischia Theropoda Neotheropoda Ceratosauria Neoceratosauria,Marsh (1884),Nasicornis
Cetiosauriscus,Herbivorous,Mid Jurassic 175-160 Million Years Ago,United Kingdom,Sauropod,15.0M,Dinosauria Saurischia Sauropodomorpha Sauropoda Eusauropoda Neosauropoda Diplodocoidea,Von Huene (1927),Stewarti
Cetiosaurus,Herbivorous,Mid Jurassic 170-160 Million Years Ago,United Kingdom,Sauropod,18.0M,Dinosauria Saurischia Sauropodomorpha Sauropoda Eusauropoda Cetiosauridae,Phillips (1871),Oxoniensis
Chaoyangsaurus,Herbivorous,Late Jurassic 152-145 Million Years Ago,China,Ceratopsian,1.1M,Dinosauria Ornithischia Genasauria Cerapoda Marginocephalia Ceratopsia Neoceratopsia,Zhao Cheng And Xu (1999),Youngi
Chasmosaurus,Herbivorous,Late Cretaceous 76-74 Million Years Ago,Canada,Ceratopsian,5.0M,Dinosauria Ornithischia Genasauria Cerapoda Marginocephalia Ceratopsia Neoceratopsia Coronosauria Ceratopsidae Chasmosaurinae,Belli,
Chindesaurus,Carnivorous,Late Triassic 227-210 Million Years Ago,Usa,Small Theropod,4.0M,Dinosauria Saurischia Theropoda Herrerasauridae,Long And Murry (1995),Bryansmalli
Chinshakiangosaurus,Herbivorous,Late Jurassic 159-142 Million Years Ago,China,Sauropod,11.0M,Dinosauria Saurischia Sauropodomorpha Sauropoda,Yeh (1975),Zhongheensis
Chirostenotes,Omnivorous,Late Jurassic 79-67 Million Years Ago,Canada,Small Theropod,1.7M,Dinosauria Saurischia Theropoda Neotheropoda Tetanurae Avetheropoda Coelurosauria Tyrannoraptora Maniraptoriformes Maniraptora Oviraptorosauria Caenagnathoidea Caenagnathidae,Gilmore (1924),Pergracilis
Chubutisaurus,Herbivorous,Early Cretaceous 112-99 Million Years Ago,Argentina,Sauropod,23.0M,Dinosauria Saurischia Sauropodomorpha Sauropoda Eusauropoda Neosauropoda Macronaria Camarasauromorpha Titanosauriformes Titanosauria,Corro (1974),Insignis
Chungkingosaurus,Herbivorous,Late Jurassic 159-142 Million Years Ago,China,Armoured Dinosaur,4.0M,Dinosauria Ornithischia Genasauria Thyreophora Stegosauria Stegosauridae Stegosaurinae,Dong Zhou And Zhang (1983),Jiangbeiensis
Citipati,Omnivorous,Late Cretaceous 81-75 Million Years Ago,Mongolia,Small Theropod,2.1M,Dinosauria Saurischia Theropoda Neotheropoda Tetanurae Avetheropoda Coelurosauria Tyrannoraptora Maniraptoriformes Maniraptora Oviraptorosauria Caenagnathoidea Oviraptoridae Oviraptorinae,Clark Norell And Barsbold (2001),Osmolskae
Coelophysis,Carnivorous,Late Triassic 225-190 Million Years Ago,Zimbabwe,Small Theropod,2.0M,Dinosauria Saurischia Theropoda Neotheropoda Coelophysoidea Coelophysidae,Bauri,
Coelurus,Carnivorous,Late Jurassic 155-145 Million Years Ago,Usa,Small Theropod,1.8M,Dinosauria Saurischia Theropoda Neotheropoda Tetanurae Avetheropoda Coelurosauria,Marsh (1879),Fragilis
Coloradisaurus,Omnivorous,Late Triassic 221-210 Million Years Ago,Argentina,Sauropod,4.0M,Dinosauria Saurischia Sauropodomorpha Prosauropoda Plateosauria Plateosauridae,Bonaparte (1978),Brevis
Compsognathus,Carnivorous,Late Jurassic 145-140 Million Years Ago,Germany,Small Theropod,0.65M,Dinosauria Saurischia Theropoda Neotheropoda Tetanurae Avetheropoda Coelurosauria Compsognathidae,Wagner (1859),Longipes
Conchoraptor,Carnivorous,Late Cretaceous 81-76 Million Years Ago,Mongolia,Small Theropod,1.5M,Dinosauria Saurischia Theropoda Neotheropoda Tetanurae Avetheropoda Coelurosauria Tyrannoraptora Maniraptoriformes Maniraptora Oviraptorosauria Caenagnathoidea Oviraptoridae Ingeniinae,Barsbold (1986),Gracilis
Confuciusornis,Carnivorous,Early Cretaceous 127-121 Million Years Ago,China,Small Theropod,0.25M,Dinosauria Saurischia Theropoda Neotheropoda Tetanurae Avetheropoda Coelurosauria Tyrannoraptora Maniraptoriformes Maniraptora Paraves Eumaniraptoria Avialae Ornithurae Avibrevicauda Pygostylia Confuciusornithidae,Hou Zhou Gu And Zhang (1995),Sanctus
Corythosaurus,Herbivorous,Late Cretaceous 76-74 Million Years Ago,Usa,Euornithopod,10.0M,Dinosauria Ornithischia Genasauria Cerapoda Ornithopoda Euornithopoda Iguanadontia Euiguanadontia Dryomorpha Ankylopollexia Iguanodontoidea Hadrosauridae Euhadrosauria Lambeosaurinae,Brown (1914),Casuarius
Cryolophosaurus,Carnivorous,Early Jurassic 170 Million Years Ago,Antarctica,Large Theropod,8.0M,Dinosauria Saurischia Theropoda Neotheropoda Tetanurae Avetheropoda Carnosauria,Hammer And Hickerson (1994),Elliotti
Dacentrurus,Herbivorous,Late Jurassic 154-150 Million Years Ago,United Kingdom,Armoured Dinosaur,6.0M,Dinosauria Ornithischia Genasauria Thyreophora Stegosauria Stegosauridae,Lucas (1902),Armatus
Daspletosaurus,Carnivorous,Late Cretaceous 76-74 Million Years Ago,Canada,Large Theropod,9.0M,Dinosauria Saurischia Theropoda Neotheropoda Tetanurae Avetheropoda Coelurosauria Tyrannoraptora Tyrannosauroidea Tyrannosauridae Tyrannosaurinae,Russell (1970),Torosus
Datousaurus,Herbivorous,Mid Jurassic 170 Million Years Ago,China,Sauropod,15.0M,Dinosauria Saurischia Sauropodomorpha Sauropoda,Dong And Tang (1984),Bashanensis
Deinocheirus,Omnivorous,Late Cretaceous 70-66 Million Years Ago,Mongolia,Large Theropod,10.0M,Dinosauria Saurischia Theropoda Neotheropoda Tetanurae Avetheropoda Coelurosauria Tyrannoraptora Maniraptoriformes Ornithomimosauria,Osmã³Lska And Roniewicz (1970),Mirificus
Deinonychus,Carnivorous,Early Cretaceous 120-110 Million Years Ago,Usa,Small Theropod,3.0M,Dinosauria Saurischia Theropoda Neotheropoda Tetanurae Avetheropoda Coelurosauria Tyrannoraptora Maniraptoriformes Maniraptora Paraves Eumaniraptora Dromaeosauridae,Ostrom (1969),Antirrhopus
Deltadromeus,Carnivorous,Late Cretaceous 99-94 Million Years Ago,Morocco,Large Theropod,8.1M,Dinosauria Saurischia Theropoda Neotheropoda Tetanurae Avetheropoda Coelurosauria,Sereno Duthiel Iarochene Larsson Lyon Magwene Sidor Varricchio And Wilson (1996),Agilis
Dicraeosaurus,Herbivorous,Late Jurassic 150-135 Million Years Ago,Tanzania,Sauropod,20.0M,Dinosauria Saurischia Sauropodomorpha Sauropoda Eusauropoda Neosauropoda Diplodocoidea Dicraeosauridae,Janensch (1914),Hansemanni
Dilophosaurus,Carnivorous,Early Jurassic 190 Million Years Ago,Usa,Large Theropod,6.0M,Dinosauria Saurischia Theropoda Neotheropoda Dilophosauridae,Wetherilli,
Diplodocus,Herbivorous,Late Jurassic 155-145 Million Years Ago,Usa,Sauropod,26.0M,Dinosauria Saurischia Sauropodomorpha Sauropoda Eusauropoda Neosauropoda Diplodocoidea Diplodocidae,Marsh (1878),Longus
Dromaeosaurus,Carnivorous,Late Cretaceous 76-74 Million Years Ago,Usa,Small Theropod,1.8M,Dinosauria Saurischia Theropoda Neotheropoda Tetanurae Avetheropoda Coelurosauria Tyrannoraptora Maniraptoriformes Maniraptora Paraves Eumaniraptora Dromaeosauridae,Matthew And Brown (1922),Albertensis
Dromiceiomimus,Omnivorous,Late Cretaceous 74-70 Million Years Ago,Canada,Large Theropod,3.5M,Dinosauria Saurischia Theropoda Neotheropoda Tetanurae Avetheropoda Coelurosauria Tyrannoraptora Maniraptoriformes Ornithomimosauria Ornithomimidae,Parks (1926),Brevitertius
Dryosaurus,Herbivorous,Late Jurassic 155-140 Million Years Ago,Usa,Euornithopod,4.0M,Dinosauria Ornithischia Genasauria Cerapoda Ornithopoda Euornithopoda Iguanadontia Euiguanadontia Dryomorpha Dryosauridae,Marsh (1894),Altus
Dryptosaurus,Carnivorous,Late Cretaceous 84-65 Million Years Ago,Usa,Large Theropod,6.4M,Dinosauria Saurischia Theropoda Neotheropoda Tetanurae Avetheropoda Coelurosauria Tyrannoraptora Tyrannosauroidea,Cope (1866),Aquilunguis
Dubreuillosaurus,Carnivorous,Late Jurassic 169-164 Million Years Ago,France,Large Theropod,,Dinosauria Saurischia Theropoda Neotheropoda Tetanurae Spinosauroidea Megalosauridae Eustreptospondylinae,Allain (2005),Valesdunensis
Edmontonia,Herbivorous,Late Cretaceous 76-74 Million Years Ago,Canada,Armoured Dinosaur,4.0M,Dinosauria Ornithischia Genasauria Thyreophora Ankylosauromorpha Ankylosauria Nodosauridae,Sternberg (1928),Longiceps
Edmontosaurus,Herbivorous,Late Cretaceous 76-65 Million Years Ago,Canada,Euornithopod,13.0M,Dinosauria Ornithischia Genasauria Cerapoda Ornithopoda Euornithopoda Iguanadontia Euiguanadontia Dryomorpha Ankylopollexia Iguanodontoidea Hadrosauridae Euhadrosauria Hadrosaurinae,Lambe (1917),Regalis
Einiosaurus,Herbivorous,Late Cretaceous 74 Million Years Ago,Usa,Ceratopsian,6.0M,Dinosauria Ornithischia Genasauria Cerapoda Marginocephalia Ceratopsia Neoceratopsia Coronosauria Ceratopsidae Centrosaurinae,Sampson  (1995),Procurvicornis
Elaphrosaurus,Carnivorous,Late Jurassic 154-151 Million Years Ago,Tanzania,Large Theropod,6.2M,Dinosauria Saurischia Theropoda Neotheropoda Ceratosauria Neoceratosauria,Janensch (1920),Bambergi
Emausaurus,Herbivorous,Mid Jurassic 190-180 Million Years Ago,Germany,Armoured Dinosaur,2.0M,Dinosauria Ornithischia Genasauria Thyreophora,Haubold (1991),Ernsti
Eolambia,Herbivorous,Late Cretaceous 99-94 Million Years Ago,Usa,Euornithopod,,Dinosauria Ornithischia Genasauria Cerapoda Ornithopoda Euornithopoda Iguanadontia Euiguanadontia Dryomorpha Ankylopollexia Iguanodontoidea,Kirkland (1998),Caroljonesa
Eoraptor,Carnivorous,Late Triassic 228 Million Years Ago,Argentina,Small Theropod,1.0M,Dinosauria Saurischia Theropoda,Sereno Forster Rogers And Monetta (1993),Lunensis
Eotyrannus,Carnivorous,Early Cretaceous 127-121 Million Years Ago,United Kingdom,Large Theropod,5.0M,Dinosauria Saurischia Theropoda Neotheropoda Tetanurae Avetheropoda Coelurosauria Tyrannoraptora Tyrannosauroidea,Hutt Naish Martill Barker And Newberry (2001),Lengi
Equijubus,Herbivorous,Early Cretaceous 127-99 Million Years Ago,China,Euornithopod,,Dinosauria Ornithischia Genasauria Cerapoda Ornithopoda Euornithopoda Iguanadontia Euiguanadontia Dryomorpha Ankylopollexia Iguanodontoidea,You Luo Shubin Witmer Tang And Tang (2003),Normani
Erketu,Herbivorous,Early Cretaceous,Mongolia,Sauropod,15.0M,Dinosauria Saurischia Sauropodomorpha Sauropoda Eusauropoda Neosauropoda Macronaria Camarasauromorpha Titanosauriformes Titanosauria,Ksepka And Norell (2006),Ellisoni
Erlikosaurus,Omnivorous,Late Cretaceous 99-89 Million Years Ago,Mongolia,Small Theropod,3.4M,Dinosauria Saurischia Theropoda Neotheropoda Tetanurae Avetheropoda Coelurosauria Tyrannoraptora Maniraptoriformes Maniraptora Therizinosauroidea Therizinosauridae,Perle Vide Barsbold And Perle (1980),Andrewsi
Euhelopus,Herbivorous,Late Jurassic 154-142 Million Years Ago,China,Sauropod,10.0M,Dinosauria Saurischia Sauropodomorpha Sauropoda Eusauropoda,Wiman (1929),Zdanskyi
Euoplocephalus,Herbivorous,Late Cretaceous 76-70 Million Years Ago,Usa,Armoured Dinosaur,7.0M,Dinosauria Ornithischia Genasauria Thyreophora Ankylosauromorpha Ankylosauria Ankylosauridae,Tutus,
Europasaurus,Herbivorous,Late Jurassic 154-151 Million Years Ago,Germany,Sauropod,6.2M,Dinosauria Saurischia Sauropodomorpha Sauropoda Eusauropoda Neosauropoda Macronaria,Sander Mateus Laven And Knã¶Tschke (2006),Holgeri
Eustreptospondylus,Carnivorous,Mid Jurassic 165 Million Years Ago,United Kingdom,Large Theropod,7.0M,Dinosauria Saurischia Theropoda Neotheropoda Tetanurae Spinosauroidea Megalosauridae Eustreptospondylinae,Walker (1964),Oxoniensis
Fukuiraptor,Carnivorous,Early Cretaceous 121-99 Million Years Ago,Japan,Large Theropod,4.2M,Dinosauria Saurischia Theropoda Neotheropoda Tetanurae Avetheropoda Carnosauria,Azuma And Currie (2000),Kitadaniensis
Fukuisaurus,Herbivorous,Early Cretaceous 121-99 Million Years Ago,Japan,Euornithopod,4.7M,Dinosauria Ornithischia Genasauria Cerapoda Ornithopoda Euornithopoda Iguanadontia Euiguanadontia Dryomorpha Ankylopollexia Iguanodontoidea,Kobayashi And Azuma (2003),Tetoriensius
Gallimimus,Omnivorous,Late Cretaceous 74-70 Million Years Ago,Mongolia,Large Theropod,6.0M,Dinosauria Saurischia Theropoda Neotheropoda Tetanurae Avetheropoda Coelurosauria Tyrannoraptora Maniraptoriformes Ornithomimosauria Ornithomimidae,Osmã³Lska Roniewicz And Barsbold (1972),Bullatus
Gargoyleosaurus,Herbivorous,Late Jurassic 154-142 Million Years Ago,Usa,Armoured Dinosaur,4.0M,Dinosauria Ornithischia Genasauria Thyreophora Ankylosauromorpha Ankylosauria,Carpenter Miles And Cloward (1998),Parkpinorum
Garudimimus,Omnivorous,Late Cretaceous 99-89 Million Years Ago,Mongolia,Large Theropod,4.7M,Dinosauria Saurischia Theropoda Neotheropoda Tetanurae Avetheropoda Coelurosauria Tyrannoraptora Maniraptoriformes Ornithomimosauria,Barsbold (1981),Brevipes
Gasosaurus,Carnivorous,Mid Jurassic 170-160 Million Years Ago,China,Small Theropod,4.0M,Dinosauria Saurischia Theropoda Neotheropoda Tetanurae Avetheropoda,Dong And Tang (1985),Constructus
Gasparinisaura,Herbivorous,Late Cretaceous 86-71 Million Years Ago,Argentina,Euornithopod,0.8M,Dinosauria Ornithischia Genasauria Cerapoda Ornithopoda Euornithopoda,Coria And Salgado (1996),Cincosaltensis
Gastonia,Herbivorous,Early Cretaceous 142-127 Million Years Ago,Usa,Armoured Dinosaur,4.6M,Dinosauria Ornithischia Genasauria Thyreophora Ankylosauromorpha Ankylosauria,Kirkland (1998),Burgei
Giganotosaurus,Carnivorous,Early Cretaceous 112-90 Million Years Ago,Argentina,Large Theropod,12.5M,Dinosauria Saurischia Theropoda Neotheropoda Tetanurae Avetheropoda Carnosauria Allosauroidea Carcharodontosauridae,Coria And Salgado (1995),Carolinii
Gilmoreosaurus,Herbivorous,Late Cretaceous 76-70 Million Years Ago,China,Euornithopod,6.0M,Dinosauria Ornithischia Genasauria Cerapoda Ornithopoda Euornithopoda Iguanadontia Euiguanadontia Dryomorpha Ankylopollexia Iguanodontoidea Hadrosauridae,Brett-Surman (1979),Mongoliensis
Giraffatitan,Herbivorous,Late Jurassic 154-142 Million Years Ago,Tanzania,Sauropod,23.0M,Dinosauria Saurischia Sauropodomorpha Sauropoda Eusauropoda Neosauropoda Macronaria Camarasauromorpha Titanosauriformes Brachiosauridae,Janensch (1914),Brancai
Gobisaurus,Herbivorous,Early Cretaceous 121-99 Million Years Ago,China,Armoured Dinosaur,5.0M,Dinosauria Ornithischia Genasauria Thyreophora Ankylosauromorpha Ankylosauria Ankylosauridae,Vickaryous Russell Currie And Zhao (2001),Domoculus
Gorgosaurus,Carnivorous,Late Cretaceous 80-73 Million Years Ago,Usa,Large Theropod,8.6M,Dinosauria Saurischia Theropoda Neotheropoda Tetanurae Avetheropoda Coelurosauria Tyrannoraptora Tyrannosauroidea Tyrannosauridae Albertosaurinae,Lamb (1914),Libratus
Goyocephale,Herbivorous,Late Cretaceous 81-75 Million Years Ago,Mongolia,Large Theropod,2.0M,Dinosauria Ornithischia Genasauria Cerapoda Marginocephalia Pachycephalosauria Goyocephala,Perle Maryaå„Ska And Osmã³Lska (1982),Lattimorei
Graciliceratops,Herbivorous,Late Cretaceous 99-84 Million Years Ago,Mongolia,Ceratopsian,,Dinosauria Ornithischia Genasauria Cerapoda Marginocephalia Ceratopsia Neoceratopsia,Sereno (2000),Mongoliensis
Gryposaurus,Herbivorous,Late Cretaceous 86-71 Million Years Ago,Usa,Euornithopod,10.0M,Dinosauria Ornithischia Genasauria Cerapoda Ornithopoda Euornithopoda Iguanadontia Euiguanadontia Dryomorpha Ankylopollexia Iguanodontoidea Hadrosauridae Euhadrosauria Hadrosaurinae,Lambe (1914),Notabilis
Guaibasaurus,Herbivorous,Late Triassic 221-210 Million Years Ago,Brazil,Small Theropod,1.8M,Dinosauria Saurischia Theropoda,Bonaparte Ferigolo And Ribeiro (1999),Candelariensis
Guanlong,Carnivorous,Late Jurassic 159-154 Million Years Ago,China,Small Theropod,3.0M,Dinosauria Saurischia Theropoda Neotheropoda Tetanurae Avetheropoda Coelurosauria Tyrannoraptora Tyrannosauroidea,Xu Clark Forster Norell Erickson Eberth Jia And Zhao (2006),Wucaii
Hadrosaurus,Herbivorous,Late Cretaceous 78-74 Million Years Ago,Usa,Euornithopod,9.0M,Dinosauria Ornithischia Genasauria Cerapoda Ornithopoda Euornithopoda Iguanadontia Euiguanadontia Dryomorpha Ankylopollexia Iguanodontoidea Hadrosauridae Euhadrosauria Hadrosaurinae,Leidy (1858),Foulkii
Hagryphus,Omnivorous,Usa,,Small Theropod,3.0M,Dinosauria Saurischia Theropoda Neotheropoda Tetanurae Avetheropoda Coelurosauria Tyrannoraptora Maniraptoriformes Maniraptora Oviraptorosauria,Zanno And Sampson (2005),Giganteus
Haplocanthosaurus,Herbivorous,Late Jurassic 154-142 Million Years Ago,Usa,Sauropod,21.5M,Dinosauria Saurischia Sauropodomorpha Sauropoda Eusauropoda Neosauropoda Macronaria Camarasauromorpha Camarasauridae,Hatcher (1903),Priscus
Harpymimus,Omnivorous,Early Cretaceous 121-99 Million Years Ago,Mongolia,Small Theropod,2.0M,Dinosauria Saurischia Theropoda Neotheropoda Tetanurae Avetheropoda Coelurosauria Tyrannoraptora Maniraptoriformes Ornithomimosauria,Barsbold And Perle (1984),Okladnikovi
Herrerasaurus,Carnivorous,Late Triassic 228 Million Years Ago,Argentina,Small Theropod,3.0M,Dinosauria Saurischia Theropoda Herrerasauridae,Reig (1963),Ischigualastensis
Hesperosaurus,Herbivorous,Late Jurassic 154-142 Million Years Ago,Usa,Armoured Dinosaur,6.0M,Dinosauria Ornithischia Genasauria Thyreophora Stegosauria Stegosauridae Stegosaurinae,Carpenter Miles And Cloward (2001),Mjosi
Heterodontosaurus,Herbivorous,Early Jurassic 205 Million Years Ago,South Africa,Euornithopod,1.2M,Dinosauria Ornithischia Genasauria Cerapoda Heterodontosauridae,Crompton And Charig (1962),Tucki
Heyuannia,Omnivorous,Late Cretaceous 72-68 Million Years Ago,Mongolia,Small Theropod,2.0M,Dinosauria Saurischia Theropoda Neotheropoda Tetanurae Avetheropoda Coelurosauria Tyrannoraptora Maniraptoriformes Maniraptora Oviraptorosauria Caenagnathoidea Oviraptoridae Ingeniinae,Barsbold (1981),Yanshini
Homalocephale,Herbivorous,Late Cretaceous 72-68 Million Years Ago,Mongolia,Euornithopod,1.5M,Dinosauria Ornithischia Genasauria Cerapoda Marginocephalia Pachycephalosauria Goyocephala Homalocephaloidea,Maryaå„Ska And Osmã³Lska (1974),Calathocercos
Huayangosaurus,Herbivorous,Mid Jurassic 170-160 Million Years Ago,China,Armoured Dinosaur,4.5M,Dinosauria Ornithischia Genasauria Thyreophora Stegosauria Huayangosauridae,Dong Tang And Zhou (1982),Taibaii
Hylaeosaurus,Herbivorous,Early Cretaceous 150-135 Million Years Ago,United Kingdom,Armoured Dinosaur,5.0M,Dinosauria Ornithischia Genasauria Thyreophora Ankylosauromorpha Ankylosauria,Mantell (1833),Armatus
Hypacrosaurus,Herbivorous,Late Cretaceous 70 Million Years Ago,Usa,Euornithopod,9.0M,Dinosauria Ornithischia Genasauria Cerapoda Ornithopoda Euornithopoda Iguanadontia Euiguanadontia Dryomorpha Ankylopollexia Iguanodontoidea Hadrosauridae Euhadrosauria Lambeosaurinae,Brown (1913),Altispinus
Hypsilophodon,Herbivorous,Early Cretaceous 125 Million Years Ago,United Kingdom,Euornithopod,2.3M,Dinosauria Ornithischia Genasauria Cerapoda Ornithopoda Euornithopoda Hypsilophodontidae,Huxley (1869),Foxii
Iguanodon,Herbivorous,Early Cretaceous 140-110 Million Years Ago,United Kingdom,Euornithopod,10.0M,Dinosauria Ornithischia Genasauria Cerapoda Ornithopoda Euornithopoda Iguanadontia Euiguanadontia Dryomorpha Ankylopollexia Iguanodontoidea,Boulenger And Van Beneden (1881),Bernissartensis
Indosuchus,Carnivorous,Late Cretaceous 71-65 Million Years Ago,India,Large Theropod,7.0M,Dinosauria Saurischia Theropoda Neotheropoda Ceratosauria Neoceratosauria,Huene And Matley (1933),Raptorius
Irritator,Carnivorous,Early Cretaceous 112-99 Million Years Ago,Brazil,Large Theropod,6.5M,Dinosauria Saurischia Theropoda Neotheropoda Tetanurae Spinosauroidea Spinosauridae Spinosaurinae,Martill Cruickshank Frey Small And Clarke (1996),Challengeri
Isisaurus,Herbivorous,Late Cretaceous 71-65 Million Years Ago,India,Sauropod,,Dinosauria Saurischia Sauropodomorpha Sauropoda Eusauropoda Neosauropoda Macronaria Camarasauromorpha Titanosauriformes Titanosauria Lithostrotia,Jain And Bandyopadhyay (1997),Colberti
Janenschia,Herbivorous,Late Jurassic 154-151 Million Years Ago,Tanzania,Sauropod,20.0M,Dinosauria Saurischia Sauropodomorpha Sauropoda Eusauropoda Neosauropoda Macronaria Camarasauromorpha Titanosauriformes Titanosauria,Wild (1991),Robusta
Jaxartosaurus,Herbivorous,Late Cretaceous 94-84 Million Years Ago,Kazakhstan,Euornithopod,9.0M,Dinosauria Ornithischia Genasauria Cerapoda Ornithopoda Euornithopoda Iguanadontia Euiguanadontia Dryomorpha Ankylopollexia Iguanodontoidea Hadrosauridae Euhadrosauria Lambeosaurinae,Riabinin (1939),Aralensis
Jingshanosaurus,Herbivorous,Early Jurassic 205-190 Million Years Ago,China,Sauropod,5.0M,Dinosauria Saurischia Sauropodomorpha Prosauropoda Plateosauria,Zhang And Yang (1995),Xinwaensis
Jinzhousaurus,Herbivorous,Early Cretaceous 127-121 Million Years Ago,China,Euornithopod,,Dinosauria Ornithischia Genasauria Cerapoda Ornithopoda Euornithopoda Iguanadontia Euiguanadontia Dryomorpha Ankylopollexia Iguanodontoidea,Wang And Xu (2001),Yangi
Jobaria,Herbivorous,Early Cretaceous 132-94 Million Years Ago,Niger,Sauropod,21.0M,Dinosauria Saurischia Sauropodomorpha Sauropoda Eusauropoda Neosauropoda Macronaria,Sereno Beck Dutheil Larsson Lyon Moussa Sadleir Sidor Varricchio Wilson And Wilson (1999),Tiguidensis
Juravenator,Carnivorous,Late Jurassic 154-151 Million Years Ago,Germany,Small Theropod,0.8M,Dinosauria Saurischia Theropoda Neotheropoda Tetanurae Avetheropoda Coelurosauria Compsognathidae,Gã¶Hlich &Amp; Chiappe (2006),Starki
Kentrosaurus,Herbivorous,Late Jurassic 155-150 Million Years Ago,Tanzania,Armoured Dinosaur,5.0M,Dinosauria Ornithischia Genasauria Thyreophora Stegosauria Stegosauridae Stegosaurinae,Hennig (1915),Aethiopicus
Khaan,Omnivorous,Late Cretaceous 81-75 Million Years Ago,Mongolia,Small Theropod,1.8M,Dinosauria Saurischia Theropoda Neotheropoda Tetanurae Avetheropoda Coelurosauria Tyrannoraptora Maniraptoriformes Maniraptora Oviraptorosauria Caenagnathoidea Oviraptoridae Ingeniinae,Clark Norell And Barsbold (2001),Mckennai
Kotasaurus,Herbivorous,Early Jurassic 205-180 Million Years Ago,India,Sauropod,9.0M,Dinosauria Saurischia Sauropodomorpha Sauropoda,Yadagiri (1988),Yamanpalliensis
Kritosaurus,Herbivorous,Late Cretaceous 78-74 Million Years Ago,Usa,Euornithopod,8.0M,Dinosauria Ornithischia Genasauria Cerapoda Ornithopoda Euornithopoda Iguanadontia Euiguanadontia Dryomorpha Ankylopollexia Iguanodontoidea Hadrosauridae Euhadrosauria Hadrosaurinae,Brown (1910),Navajovius
Lambeosaurus,Herbivorous,Late Cretaceous 76-74 Million Years Ago,Canada,Euornithopod,9.0M,Dinosauria Ornithischia Genasauria Cerapoda Ornithopoda Euornithopoda Iguanadontia Euiguanadontia Dryomorpha Ankylopollexia Iguanodontoidea Hadrosauridae Euhadrosauria Lambeosaurinae,Parks (1923),Lambei
Lapparentosaurus,Herbivorous,Mid Jurassic 169-164 Million Years Ago,Madagascar,Sauropod,,Dinosauria Saurischia Sauropodomorpha Sauropoda Eusauropoda Neosauropoda Macronaria Camarasauromorpha Titanosauriformes,Bonaparte (1986),Madagascariensis
Leaellynasaura,Herbivorous,Early Cretaceous 115-110 Million Years Ago,Australia,Euornithopod,2.0M,Dinosauria Ornithischia Genasauria Cerapoda Ornithopoda Euornithopoda,Rich And Rich (1989),Amicagraphica
Leptoceratops,Herbivorous,Late Cretaceous 67-65 Million Years Ago,Usa,Ceratopsian,3.0M,Dinosauria Ornithischia Genasauria Cerapoda Marginocephalia Ceratopsia Neoceratopsia Coronosauria,Brown (1914),Gracilis
Lesothosaurus,Herbivorous,Early Jurassic 213-200 Million Years Ago,Lesotho,1.0M,,Dinosauria Ornithischia,Galton (1978),Diagnosticus
Liaoceratops,Herbivorous,Early Cretaceous 127-121 Million Years Ago,China,Ceratopsian,,Dinosauria Ornithischia Genasauria Cerapoda Marginocephalia Ceratopsia Neoceratopsia,Xu Makovicky Wang Norell And You (2002),Yanzigouensis
Ligabuesaurus,Herbivorous,Early Cretaceous 121-99 Million Years Ago,Argentina,Sauropod,24.0M,Dinosauria Saurischia Sauropodomorpha Sauropoda Eusauropoda Neosauropoda Macronaria Camarasauromorpha Titanosauriformes Titanosauria,Bonaparte Gonzã¡Lez Riga And Apesteguã­A (2006),Leanzai
Liliensternus,Carnivorous,Late Triassic 205-202 Million Years Ago,Germany,Small Theropod,5.0M,Dinosauria Saurischia Theropoda Neotheropoda,Huene (1934),Liliensterni
Lophorhothon,Herbivorous,Late Cretaceous 84-71 Million Years Ago,Usa,Euornithopod,4.5M,Dinosauria Ornithischia Genasauria Cerapoda Ornithopoda Euornithopoda Iguanadontia Euiguanadontia Dryomorpha Ankylopollexia Iguanodontoidea Hadrosauridae Euhadrosauria Hadrosaurinae,Xu Makovicky Wang Norell And You (1960),Atopus
Lophostropheus,Carnivorous,Early Jurassic 203-196 Million Years Ago,France,Large Theropod,6.2M,Dinosauria Saurischia,Ezcurra And Cuny 2007 (1993),Airelensis
Lufengosaurus,Herbivorous,Early Jurassic 200-195 Million Years Ago,China,Sauropod,6.0M,Dinosauria Saurischia Sauropodomorpha Prosauropoda Plateosauria Plateosauridae,Young (1941),Huenei
Lurdusaurus,Herbivorous,Early Cretaceous 121-112 Million Years Ago,Niger,Euornithopod,9.0M,Dinosauria Ornithischia Genasauria Cerapoda Ornithopoda Euornithopoda Iguanadontia Euiguanadontia Dryomorpha Ankylopollexia Iguanodontoidea,Taquet &Amp; Russell (1999),Arenatus
Lycorhinus,Herbivorous,Late Triassic 205-195 Million Years Ago,South Africa,Euornithopod,1.2M,Dinosauria Ornithischia Genasauria Cerapoda Heterodontosauridae,Haughton (1924),Angustidens
Magyarosaurus,Herbivorous,Late Cretaceous 71-65 Million Years Ago,Romania,Sauropod,5.0M,Dinosauria Saurischia Sauropodomorpha Sauropoda Eusauropoda Neosauropoda Macronaria Camarasauromorpha Titanosauriformes Titanosauria Lithostrotia,Nopcsa (1915),Dacus
Maiasaura,Herbivorous,Late Cretaceous 80-75 Million Years Ago,Usa,Euornithopod,9.0M,Dinosauria Ornithischia Genasauria Cerapoda Ornithopoda Euornithopoda Iguanadontia Euiguanadontia Dryomorpha Ankylopollexia Iguanodontoidea Hadrosauridae Euhadrosauria Hadrosaurinae,Horner And Makela (1979),Peeblesorum
Majungasaurus,Carnivorous,Late Cretaceous 84-71 Million Years Ago,Madagascar,Large Theropod,6.0M,Dinosauria Saurischia Theropoda Neotheropoda Ceratosauria Neoceratosauria Abelisauridae,Sues &Amp; Taquet (1979),Atopus
Malawisaurus,Herbivorous,Early Cretaceous 121-112 Million Years Ago,Malawi,Sauropod,9.0M,Dinosauria Saurischia Sauropodomorpha Sauropoda Eusauropoda Neosauropoda Macronaria Camarasauromorpha Titanosauriformes Titanosauria Lithostrotia,Haughton (1928),Dixeyi
Mamenchisaurus,Herbivorous,Late Jurassic 155-145 Million Years Ago,China,Sauropod,22.0M,Dinosauria Saurischia Sauropodomorpha Sauropoda Eusauropoda,Young (1954),Constructus
Mapusaurus,Carnivorous,Late Cretaceous 99-94 Million Years Ago,Argentina,Large Theropod,13.0M,Dinosauria Saurischia Theropoda Neotheropoda Tetanurae Avetheropoda Carnosauria Allosauroidea Allosauridae Charcharodontosauridae Giganotosaurinae,Coria And Currie (2006),Roseae
Marshosaurus,Carnivorous,Late Jurassic 154-142 Million Years Ago,Usa,Large Theropod,6.0M,Dinosauria Saurischia Theropoda Neotheropoda Tetanurae Avetheropoda,Madsen (1976),Bicentesimus
Masiakasaurus,Carnivorous,Late Cretaceous 84-71 Million Years Ago,Madagascar,Small Theropod,2.0M,Dinosauria Saurischia Theropoda Neotheropoda Ceratosauria Neoceratosauria Abelisauroidea Abelisauria,Sampson Carrano &Amp; Forster (2001),Knopfleri
Massospondylus,Omnivorous,Early Jurassic 208-204 Million Years Ago,Zimbabwe,Sauropod,4.0M,Dinosauria Saurischia Sauropodomorpha Prosauropoda Plateosauria Plateosauridae,Owen (1854),Carinatus
Maxakalisaurus,Herbivorous,Late Cretaceous 80 Million Years Ago,Brazil,Sauropod,13.0M,Dinosauria Saurischia Sauropodomorpha Sauropoda Eusauropoda Neosauropoda Macronaria Camarasauromorpha Titanosauriformes Titanosauria Lithostrotia Saltasauridae Saltasaurinae,Kellner Et Al. (2006),Topai
Megalosaurus,Carnivorous,Mid Jurassic 170-155 Million Years Ago,United Kingdom,Large Theropod,9.0M,Dinosauria Saurischia Theropoda Neotheropoda Tetanurae Spinosauroidea Megalosauridae Megalosaurinae,Ritgen (1826),Bucklandii
Melanorosaurus,Omnivorous,Late Triassic 227-221 Million Years Ago,South Africa,Sauropod,12.0M,Dinosauria Saurischia Sauropodomorpha Prosauropoda Anchisauria Melanorosauridae,Haughton (1924),Readi
Metriacanthosaurus,Carnivorous,Late Jurassic 159-154 Million Years Ago,United Kingdom,Large Theropod,8.2M,Dinosauria Saurischia Theropoda Neotheropoda Tetanurae,Walker (1964),Parkeri
Microceratus,Herbivorous,Late Cretaceous 86-66 Million Years Ago,Mongolia,Ceratopsian,0.5M,Dinosauria Ornithischia Genasauria Cerapoda Marginocephalia Ceratopsia Neoceratopsia Coronosauria,Bohlin (1953),Gobiensis
Micropachycephalosaurus,Herbivorous,Late Cretaceous 84-71 Million Years Ago,China,Ceratopsian,0.6M,Dinosauria Ornithischia Genasauria Cerapoda Marginocephalia Pachycephalosauria,Dong (1978),Hongtuyanensis
Microraptor,Carnivorous,Early Cretaceous 125-122 Million Years Ago,China,Small Theropod,0.8M,Dinosauria Saurischia Theropoda Neotheropoda Tetanurae Avetheropoda Coelurosauria Tyrannoraptora Maniraptoriformes Maniraptora Paraves Eumaniraptora Dromaeosauridae,Xu Zhou And Wang (2000),Zhaoianus
Minmi,Herbivorous,Early Cretaceous 121-112 Million Years Ago,Australia,Armoured Dinosaur,3.0M,Dinosauria Ornithischia Genasauria Thyreophora Ankylosauromorpha Ankylosauria,Molnar (1980),Paravertebra
Monolophosaurus,Carnivorous,Mid Jurassic 180-159 Million Years Ago,China,Large Theropod,5.7M,Dinosauria Saurischia Theropoda Neotheropoda Tetanurae Avetheropoda Carnosauria,Zhao And Currie (1993),Jiangi
Mononykus,Unknown,Late Cretaceous 81-68 Million Years Ago,Mongolia,Small Theropod,1.0M,Dinosauria Saurischia Theropoda Neotheropoda Tetanurae Avetheropoda Coelurosauria Tyrannoraptora Maniraptoriformes Maniraptora Alvarezsauridae,Perle Norell Chiappe And Clark (1993),Olecranus
Mussaurus,Herbivorous,Late Triassic 221-210 Million Years Ago,Argentina,Sauropod,3.0M,Dinosauria Saurischia Sauropodomorpha Prosauropoda Plateosauria Plateosauridae,Bonaparte And Vince (1979),Patagonicus
Muttaburrasaurus,Herbivorous,Early Cretaceous 110-100 Million Years Ago,Australia,Euornithopod,7.0M,Dinosauria Ornithischia Genasauria Cerapoda Ornithopoda Euornithopoda Iguanadontia Euiguanadontia Dryomorpha Ankylopollexia Iguanodontoidea,Bartholomai And Molnar (1981),Langdoni
Nanshiungosaurus,Omnivorous,Late Cretaceous 84-71 Million Years Ago,China,Large Theropod,4.4M,Dinosauria Saurischia Theropoda Neotheropoda Tetanurae Avetheropoda Coelurosauria Tyrannoraptora Maniraptoriformes Maniraptora Therizinosauroidea Therizinosauridae,Dong (1979),Brevispinus
Nedoceratops,Herbivorous,Late Cretaceous 67-65 Million Years Ago,Usa,Ceratopsian,7.0M,Dinosauria Ornithischia Genasauria Cerapoda Marginocephalia Ceratopsia Neoceratopsia Coronosauria Ceratopsidae Chasmosaurinae,Lull (1905),Hatcheri
Nemegtosaurus,Herbivorous,Late Cretaceous 72-68 Million Years Ago,Mongolia,Sauropod,13.0M,Dinosauria Saurischia Sauropodomorpha Sauropoda Eusauropoda Neosauropoda Diplodocoidea Nemegtosauridae,Nowinski (1971),Mongoliensis
Neovenator,Carnivorous,Early Cretaceous 127-121 Million Years Ago,United Kingdom,Large Theropod,7.4M,Dinosauria Saurischia Theropoda Neotheropoda Tetanurae Avetheropoda Carnosauria Allosauroidea Carcharodontosauridae,Hutt Martill And Barker (1996),Salerii
Neuquenosaurus,Herbivorous,Late Cretaceous 71-65 Million Years Ago,Argentina,Sauropod,10.0M,Dinosauria Saurischia Sauropodomorpha Sauropoda Eusauropoda Neosauropoda Macronaria Camarasauromorpha Titanosauriformes Titanosauria Lithostrotia Saltasauridae,Lydekker (1893),Australis
Nigersaurus,Herbivorous,Early Cretaceous 121-99 Million Years Ago,Tunisia,Sauropod,15.0M,Dinosauria Saurischia Sauropodomorpha Sauropoda Eusauropoda Neosauropoda Diplodocoidea Rebbachisauridae,Sereno Beck Dutheil Larsson Lyon Moussa Sadleir Sidor Varricchio Wilson &Amp; Wilson (1999),Taqueti
Nipponosaurus,Herbivorous,Late Cretaceous 89-84 Million Years Ago,Russia,Euornithopod,,Dinosauria Ornithischia Genasauria Cerapoda Ornithopoda Euornithopoda Iguanadontia Euiguanadontia Dryomorpha Ankylopollexia Iguanodontoidea Hadrosauridae Euhadrosauria Lambeosaurinae,Nagao (1936),Sachalinensis
Noasaurus,Carnivorous,Late Cretaceous 84-65 Million Years Ago,Argentina,Small Theropod,1.0M,Dinosauria Saurischia Theropoda Neotheropoda Ceratosauria Neoceratosauria Abelisauroidea Abelisauria,Bonaparte And Powell (1980),Leali
Nodosaurus,Herbivorous,Early Cretaceous 110-100 Million Years Ago,Usa,Armoured Dinosaur,5.0M,Dinosauria Ornithischia Genasauria Thyreophora Ankylosauromorpha Ankylosauria Nodosauridae,Marsh (1889),Textilis
Nomingia,Omnivorous,Late Cretaceous 72-68 Million Years Ago,Mongolia,Small Theropod,1.6M,Dinosauria Saurischia Theropoda Neotheropoda Tetanurae Avetheropoda Coelurosauria Tyrannoraptora Maniraptoriformes Maniraptora Oviraptorosauria Caenagnathoidea Caenagnathidae,Barsbold Osmã³Lska Watabe Currie And Tsogtbaatar (2000),Gobiensis
Nothronychus,Omnivorous,Late Cretaceous 94-89 Million Years Ago,Usa,Large Theropod,5.3M,Dinosauria Saurischia Theropoda Neotheropoda Tetanurae Avetheropoda Coelurosauria Tyrannoraptora Maniraptoriformes Maniraptora Therizinosauroidea Therizinosauridae,Kirkland And Wolfe (2001),Mckinleyi
Nqwebasaurus,Carnivorous,Mid Jurassic 159-132 Million Years Ago,South Africa,Small Theropod,1.0M,Dinosauria Saurischia Theropoda Neotheropoda Tetanurae Avetheropoda Coelurosauria,De Klerk Forster Sampson Chinsamy And Ross (2000),Thwazi
Omeisaurus,Herbivorous,Mid Jurassic 169-159 Million Years Ago,China,Sauropod,20.0M,Dinosauria Saurischia Sauropodomorpha Sauropoda Eusauropoda,Young (1939),Junghsiensis
Opisthocoelicaudia,Herbivorous,Late Cretaceous 72-68 Million Years Ago,Mongolia,Sauropod,12.0M,Dinosauria Saurischia Sauropodomorpha Sauropoda Eusauropoda Neosauropoda Macronaria Camarasauromorpha Titanosauriformes Titanosauria Lithostrotia Saltasauridae,Borsuk-Bialynicka  (1977),Skarzynskii 
Ornitholestes,Carnivorous,Late Jurassic 150-144 Million Years Ago,Usa,Small Theropod,2.0M,Dinosauria Saurischia Theropoda Neotheropoda Tetanurae Avetheropoda Coelurosauria,Osbourne (1933),Hermanni
Ornithomimus,Omnivorous,Late Cretaceous 74-65 Million Years Ago,Usa,Large Theropod,4.0M,Dinosauria Saurischia Theropoda Neotheropoda Tetanurae Avetheropoda Coelurosauria Tyrannoraptora Maniraptoriformes Ornithomimosauria Ornithomimidae,Marsh (1890),Velox
Orodromeus,Herbivorous,Late Cretaceous 74 Million Years Ago,Usa,Euornithopod,2.0M,Dinosauria Ornithischia Genasauria Cerapoda Ornithopoda Euornithopoda,Horner And Weishampel (1988),Makelai
Oryctodromeus,Herbivorous,Late Cretaceous 99-94 Million Years Ago,Usa,Euornithopod,2.1M,Dinosauria Ornithischia,Varricchio Marin And Katsura (2007),Cubicularis
Othnielia,Herbivorous,Late Jurassic 154-142 Million Years Ago,Usa,Euornithopod,1.4M,Dinosauria Ornithischia Genasauria Cerapoda Ornithopoda Euornithopoda,Marsh (1877),Rex
Ouranosaurus,Herbivorous,Early Cretaceous 115-100 Million Years Ago,Niger,Euornithopod,7.0M,Dinosauria Ornithischia Genasauria Cerapoda Ornithopoda Euornithopoda Iguanadontia Euiguanadontia Dryomorpha Ankylopollexia Iguanodontoidea,Taquet (1976),Nigeriensis
Oviraptor,Omnivorous,Late Cretaceous 85-75 Million Years Ago,Mongolia,Small Theropod,2.0M,Dinosauria Saurischia Theropoda Neotheropoda Tetanurae Avetheropoda Coelurosauria Tyrannoraptora Maniraptoriformes Maniraptora Oviraptorosauria Caenagnathoidea Oviraptoridae Oviraptorinae,Osborn (1924),Philoceratops
Pachycephalosaurus,Herbivorous,Late Cretaceous 76-65 Million Years Ago,Usa,Euornithopod,8.0M,Dinosauria Ornithischia Genasauria Cerapoda Marginocephalia Pachycephalosauria Goyocephala Homalocephaloidea Pachycephalosauridae,Brown And Schlaikjer (1943),Wyomingensis
Pachyrhinosaurus,Herbivorous,Late Cretaceous 76-74 Million Years Ago,Canada,Ceratopsian,6.0M,Dinosauria Ornithischia Genasauria Cerapoda Marginocephalia Ceratopsia Neoceratopsia Coronosauria Ceratopsidae Centrosaurinae,Sternberg (1950),Canadensis
Panoplosaurus,Herbivorous,Late Cretaceous 79-75 Million Years Ago,Usa,Armoured Dinosaur,7.0M,Dinosauria Ornithischia Genasauria Thyreophora Ankylosauromorpha Ankylosauria Nodosauridae,Lambe (1919),Mirus
Pantydraco,Herbivorous,Early Jurassic,Wales,Euornithopod,3.0M,Dinosauria Saurischia,Galton Yates And Kermack 2007 (2003),Caducus
Paralititan,Herbivorous,Late Cretaceous 99-94 Million Years Ago,Egypt,Sauropod,28.0M,Dinosauria Saurischia Sauropodomorpha Sauropoda Eusauropoda Neosauropoda Macronaria Camarasauromorpha Titanosauriformes Titanosauria Lithostrotia,Smith Lamanna Lacovara Dodson Smith Poole Giegengack And Attia (2001),Stromeri
Parasaurolophus,Herbivorous,Late Cretaceous 76-74 Million Years Ago,Usa,Euornithopod,11.0M,Dinosauria Ornithischia Genasauria Cerapoda Ornithopoda Euornithopoda Iguanadontia Euiguanadontia Dryomorpha Ankylopollexia Iguanodontoidea Hadrosauridae Euhadrosauria Lambeosaurinae,Parks (1922),Walkeri
Parksosaurus,Herbivorous,Late Cretaceous 76-74 Million Years Ago,Canada,Euornithopod,3.0M,Dinosauria Ornithischia Genasauria Cerapoda Ornithopoda Euornithopoda,Sternberg (1937),Warrenae
Patagosaurus,Herbivorous,Mid Jurassic 164-159 Million Years Ago,Argentina,Sauropod,18.0M,Dinosauria Saurischia Sauropodomorpha Sauropoda Eusauropoda Cetiosauridae,Bonaparte (1979),Fariasi
Pelicanimimus,Carnivorous,Early Cretaceous 127-121 Million Years Ago,Spain,Small Theropod,2.0M,Dinosauria Saurischia Theropoda Neotheropoda Tetanurae Avetheropoda Coelurosauria Tyrannoraptora Maniraptoriformes Ornithomimosauria,Pã©Rez-Moreno Sanz Buscalioni Moratalla Ortega And Rasskin-Gutman (1994),Polyodon
Pelorosaurus,Herbivorous,Early Cretaceous 125 Million Years Ago,United Kingdom,Sauropod,25.0M,Dinosauria Saurischia Sauropodomorpha Sauropoda Eusauropoda Neosauropoda Macronaria Camarasauromorpha Titanosauriformes,Mantell (1850),Conybearei
Pentaceratops,Herbivorous,Late Cretaceous 76-74 Million Years Ago,Usa,Ceratopsian,6.8M,Dinosauria Ornithischia Genasauria Cerapoda Marginocephalia Ceratopsia Neoceratopsia Coronosauria Ceratopsidae Chasmosaurinae,Osborn (1923),Sternbergi
Piatnitzkysaurus,Carnivorous,Late Jurassic 164-159 Million Years Ago,Argentina,Large Theropod,4.2M,Dinosauria Saurischia Theropoda Neotheropoda Tetanurae Spinosauroidea Megalosauridae Eustreptospondylinae,Bonaparte (1979),Floresi
Pinacosaurus,Herbivorous,Late Cretaceous 81-75 Million Years Ago,Mongolia,Armoured Dinosaur,5.0M,Dinosauria Ornithischia Genasauria Thyreophora Ankylosauromorpha Ankylosauria Ankylosauridae,Gilmore (1933),Grangeri
Plateosaurus,Herbivorous,Late Triassic 210 Million Years Ago,Switzerland,Sauropod,7.0M,Dinosauria Saurischia Sauropodomorpha Prosauropoda Plateosauria Plateosauridae,Meyer (1837),Engelhardti
Podokesaurus,Carnivorous,Mid Jurassic 195-180 Million Years Ago,Usa,Small Theropod,0.9M,Dinosauria Saurischia Theropoda Neotheropoda Coelophysoidea,Talbot (1911),Holyokensis
Poekilopleuron,Carnivorous,Mid Jurassic 169-164 Million Years Ago,France,Large Theropod,9.0M,Dinosauria Saurischia Theropoda Neotheropoda Tetanurae Spinosauroidea Megalosauridae Megalosaurinae,Eudes-Deslongchamps (1838),Bucklandii
Polacanthus,Herbivorous,Early Cretaceous 125 Million Years Ago,United Kingdom,Armoured Dinosaur,5.0M,Dinosauria Ornithischia Genasauria Thyreophora Ankylosauromorpha Ankylosauria,Hulke (1881),Foxii
Prenocephale,Herbivorous,Late Cretaceous 80-65 Million Years Ago,Mongolia,Euornithopod,2.4M,Dinosauria Ornithischia Genasauria Cerapoda Marginocephalia Pachycephalosauria Goyocephala Homalocephaloidea Pachycephalosauridae,Maryaå„Ska And Osmã³Lska (1974),Prenes
Probactrosaurus,Herbivorous,Early Cretaceous 121-99 Million Years Ago,China,Euornithopod,6.0M,Dinosauria Ornithischia Genasauria Cerapoda Ornithopoda Euornithopoda Iguanadontia Euiguanadontia Dryomorpha Ankylopollexia Iguanodontoidea,Rozhdestvensky (1966),Gobiensis
Proceratosaurus,Carnivorous,Mid Jurassic 169-164 Million Years Ago,United Kingdom,Small Theropod,4.1M,Dinosauria Saurischia Theropoda Neotheropoda Tetanurae Avetheropoda Coelurosauria,Woodward (1910),Bradleyi
Procompsognathus,Carnivorous,Late Triassic 221-210 Million Years Ago,Germany,Small Theropod,1.0M,Dinosauria Saurischia Theropoda Neotheropoda Coelophysoidea,Fraas (1913),Triassicus
Prosaurolophus,Herbivorous,Late Cretaceous 77-75 Million Years Ago,Usa,Euornithopod,7.6M,Dinosauria Ornithischia Genasauria Cerapoda Ornithopoda Euornithopoda Iguanadontia Euiguanadontia Dryomorpha Ankylopollexia Iguanodontoidea Hadrosauridae Euhadrosauria Hadrosaurinae,Brown (1916),Maximus
Protarchaeopteryx,Carnivorous,Early Cretaceous 122-120 Million Years Ago,China,Small Theropod,2.0M,Dinosauria Saurischia Theropoda Neotheropoda Tetanurae Avetheropoda Coelurosauria Tyrannoraptora Maniraptoriformes Maniraptora Paraves Eumaniraptora,Ji And Ji (1997),Robusta
Protoceratops,Herbivorous,Late Cretaceous 74-70 Million Years Ago,Mongolia,Ceratopsian,1.8M,Dinosauria Ornithischia Genasauria Cerapoda Marginocephalia Ceratopsia Neoceratopsia Coronosauria,Granger And Gregory (1923),Andrewsi
Protohadros,Herbivorous,Late Cretaceous 99-94 Million Years Ago,Usa,Euornithopod,6.0M,Dinosauria Ornithischia Genasauria Cerapoda Ornithopoda Euornithopoda Iguanadontia Euiguanadontia Dryomorpha Ankylopollexia Iguanodontoidea,Head (1998),Byrdi
Psittacosaurus,Herbivorous,Early Cretaceous 120-100 Million Years Ago,Russia,Ceratopsian,2.0M,Dinosauria Ornithischia Genasauria Cerapoda Marginocephalia Ceratopsia Psittacosauridae,Osborn (1923),Mongoliensis
Quaesitosaurus,Herbivorous,Late Cretaceous 86-84 Million Years Ago,Mongolia,Sauropod,23.0M,Dinosauria Saurischia Sauropodomorpha Sauropoda Eusauropoda Neosauropoda Diplodocoidea Nemegtosauridae,Kurzanov And Bannikov (1983),Orientalis
Rebbachisaurus,Herbivorous,Early Cretaceous 112-99 Million Years Ago,Morocco,Sauropod,20.0M,Dinosauria Saurischia Sauropodomorpha Sauropoda Eusauropoda Neosauropoda Diplodocoidea Rebbachisauridae,Lavocat (1954),Garasbae
Rhabdodon,Herbivorous,Late Cretaceous 76-70 Million Years Ago,Spain,Euornithopod,4.0M,Dinosauria Ornithischia Genasauria Cerapoda Ornithopoda Euornithopoda Iguanadontia Rhabdodontidae,Matherton (1869),Priscus
Rhoetosaurus,Herbivorous,Mid Jurassic 177-169 Million Years Ago,Australia,Sauropod,15.0M,Dinosauria Saurischia Sauropodomorpha Sauropoda,Longman (1926),Brownei
Rinchenia,Omnivorous,Late Cretaceous 72-68 Million Years Ago,Mongolia,Small Theropod,2.5M,Dinosauria Saurischia Theropoda Neotheropoda Tetanurae Avetheropoda Coelurosauria Tyrannoraptora Maniraptoriformes Maniraptora Oviraptorosauria Caenagnathoidea Oviraptoridae Oviraptorinae,Barsbold (1986),Mongoliensis
Riojasaurus,Herbivorous/Omnivorous,Late Triassic 221-210 Million Years Ago,Argentina,Sauropod,5.15M,Dinosauria Saurischia Sauropodomorpha Prosauropoda Anchisauria Melanorosauridae,Bonaparte (1969),Incertus
Rugops,Carnivorous,Late Cretaceous 95 Million Years Ago,Niger,Large Theropod,7.0M,Dinosauria Saurischia Theropoda Neotheropoda Ceratosauria Neoceratosauria Abelisauridae,Sereno Wilson And Conrad (2004),Primus
Saichania,Herbivorous,Late Cretaceous 80 Million Years Ago,Mongolia,Armoured Dinosaur,6.6M,Dinosauria Ornithischia Genasauria Thyreophora Ankylosauromorpha Ankylosauria Ankylosauridae,Maryaã±Ska (1977),Chulsanensis
Saltasaurus,Herbivorous,Late Cretaceous 70-65 Million Years Ago,Argentina,Sauropod,12.0M,Dinosauria Saurischia Sauropodomorpha Sauropoda Eusauropoda Neosauropoda Macronaria Camarasauromorpha Titanosauriformes Titanosauria Lithostrotia Saltasauridae,Bonaparte And Powell (1980),Loricatus
Saltopus,Carnivorous,Late Triassic 221-210 Million Years Ago,United Kingdom,Small Theropod,,Dinosauria,Huene (1910),Elginensis
Sarcosaurus,Carnivorous,Early Jurassic 202-195 Million Years Ago,United Kingdom,Small Theropod,3.0M,Dinosauria Saurischia Theropoda Neotheropoda Ceratosauria,Andrews (1921),Woodi
Saurolophus,Herbivorous,Late Cretaceous 74-70 Million Years Ago,Mongolia,Euornithopod,9.0M,Dinosauria Ornithischia Genasauria Cerapoda Ornithopoda Euornithopoda Iguanadontia Euiguanadontia Dryomorpha Ankylopollexia Iguanodontoidea Hadrosauridae Euhadrosauria Hadrosaurinae,Brown (1912),Osborni
Sauropelta,Herbivorous,Early Cretaceous 121-94 Million Years Ago,Usa,Armoured Dinosaur,6.5M,Dinosauria Ornithischia Genasauria Thyreophora Ankylosauromorpha Ankylosauria Nodosauridae,Ostrom (1970),Edwardsorum
Saurophaganax,Carnivorous,Late Jurassic 154-142 Million Years Ago,Usa,Large Theropod,12.0M,Dinosauria Saurischia Theropoda Neotheropoda Tetanurae Avetheropoda Carnosauria Allosauroidea Allosauridae,Chure (1996),Maximus
Saurornithoides,Carnivorous,Late Cretaceous 85-80 Million Years Ago,Mongolia,Small Theropod,3.0M,Dinosauria Saurischia Theropoda Neotheropoda Tetanurae Avetheropoda Coelurosauria Tyrannoraptora Maniraptoriformes Maniraptora Paraves Eumaniraptoria Troodontidae,Osborn (1924),Mongoliensis
Scelidosaurus,Herbivorous,Early Jurassic 208-194 Million Years Ago,United Kingdom,Armoured Dinosaur,4.0M,Dinosauria Ornithischia Genasauria Thyreophora Scelidosauridae,Owen (1868),Harrisonii
Scutellosaurus,Herbivorous,Early Jurassic 205-202 Million Years Ago,Usa,Armoured Dinosaur,1.2M,Dinosauria Ornithischia Genasauria Thyreophora,Colbert (1981),Lawleri
Secernosaurus,Herbivorous,Late Cretaceous 71-65 Million Years Ago,Argentina,Euornithopod,3.0M,Dinosauria Ornithischia Genasauria Cerapoda Ornithopoda Euornithopoda Iguanadontia Euiguanadontia Dryomorpha Ankylopollexia Iguanodontoidea Hadrosauridae,Brett-Surman (1979),Koerneri
Segisaurus,Carnivorous,Mid Jurassic 195-180 Million Years Ago,Usa,Small Theropod,1.5M,Dinosauria Saurischia Theropoda Neotheropoda Coelophysoidea Coelophysidae,Camp (1936),Halli
Segnosaurus,Carnivorous,Late Cretaceous 97-88 Million Years Ago,Mongolia,Large Theropod,4.0M,Dinosauria Saurischia Theropoda Neotheropoda Tetanurae Avetheropoda Coelurosauria Tyrannoraptora Maniraptoriformes Maniraptora Therizinosauroidea Therizinosauridae,Perle (1979),Galbinensis
Shamosaurus,Herbivorous,Early Cretaceous 121-99 Million Years Ago,Mongolia,Armoured Dinosaur,,Dinosauria Ornithischia Genasauria Thyreophora Ankylosauromorpha Ankylosauria Ankylosauridae,Tumanova (1983),Scutatus
Shanag,Carnivorous,Early Cretaceous 126-142 Million Years Ago,Mongolia,Small Theropod,0.45M,Dinosauria Saurischia,Turner Hwang And Norell (2007),Ashile
Shantungosaurus,Herbivorous,Late Cretaceous 78-74 Million Years Ago,China,Euornithopod,15.0M,Dinosauria Ornithischia Genasauria Cerapoda Ornithopoda Euornithopoda Iguanadontia Euiguanadontia Dryomorpha Ankylopollexia Iguanodontoidea Hadrosauridae Euhadrosauria Hadrosaurinae,Hu (1973),Giganteus
Shunosaurus,Herbivorous,Mid Jurassic 170-160 Million Years Ago,China,Sauropod,10.0M,Dinosauria Saurischia Sauropodomorpha Sauropoda Eusauropoda,Dong Zhou And Zhang (1983),Lii
Shuvuuia,Omnivorous,Late Cretaceous 75-81 Million Years Ago,Mongolia,Small Theropod,0.6M,Dinosauria Saurischia Theropoda Neotheropoda Tetanurae Avetheropoda Coelurosauria Tyrannoraptora Maniraptoriformes Maniraptora Alvarezsauridae,Chiappe Norell And Clark (1998),Deserti
Silvisaurus,Herbivorous,Early Cretaceous 121-112 Million Years Ago,Usa,Armoured Dinosaur,4.0M,Dinosauria Ornithischia Genasauria Thyreophora Ankylosauromorpha Ankylosauria Nodosauridae,Eaton (1960),Condrayi
Sinocalliopteryx,Carnivorous,Early Cretaceous 125 Million Years Ago,China,Small Theropod,2.37M,Dinosauria Saurischia,Ji Ji Lã¼ And Yuan (2007),Gigas
Sinornithosaurus,Carnivorous,Early Cretaceous 122-120 Million Years Ago,China,Small Theropod,2.0M,Dinosauria Saurischia Theropoda Neotheropoda Tetanurae Avetheropoda Coelurosauria Tyrannoraptora Maniraptoriformes Maniraptora Paraves Eumaniraptora Dromaeosauridae,Xu Wang And Wu (1999),Millenii
Sinosauropteryx,Carnivorous,Early Cretaceous 122-120 Million Years Ago,China,Small Theropod,1.0M,Dinosauria Saurischia Theropoda Neotheropoda Tetanurae Avetheropoda Coelurosauria Compsognathidae,Ji And Ji (1996),Prima
Sinovenator,Carnivorous,Early Cretaceous 127-121 Million Years Ago,China,Small Theropod,1.0M,Dinosauria Saurischia Theropoda Neotheropoda Tetanurae Avetheropoda Coelurosauria Tyrannoraptora Maniraptoriformes Maniraptora Paraves Eumaniraptoria Troodontidae,Xu Norell Wang Makovicky And Wu (2002),Changii
Sinraptor,Carnivorous,Mid Jurassic 169-142 Million Years Ago,China,Large Theropod,7.6M,Dinosauria Saurischia Theropoda Neotheropoda Tetanurae Avetheropoda Carnosauria Allosauroidea Sinraptoridae,Gao (1992),Hepingensis
Sonidosaurus,Herbivorous,Late Cretaceous 89-65 Million Years Ago,China,Sauropod,9.0M,Dinosauria Saurischia Sauropodomorpha Sauropoda Eusauropoda Neosauropoda Macronaria Camarasauromorpha Titanosauriformes Titanosauria,Xu Zhang Tan Zhao And Tan (2006),Saihangaobiensis
Spinosaurus,Carnivorous,Late Cretaceous 95-70 Million Years Ago,Morocco,Large Theropod,18.0M,Dinosauria Saurischia Theropoda Neotheropoda Tetanurae Spinosauroidea Spinosauridae Spinosaurinae,Stromer (1915),Aegyptiacus
Staurikosaurus,Carnivorous,Late Triassic 227-221 Million Years Ago,Brazil,Large Theropod,2.0M,Dinosauria Saurischia Theropoda Herrerasauridae,Colbert (1970),Pricei
Stegoceras,Herbivorous,Late Cretaceous 76-74 Million Years Ago,Usa,Euornithopod,2.4M,Dinosauria Ornithischia Genasauria Cerapoda Marginocephalia Pachycephalosauria Goyocephala Homalocephaloidea Pachycephalosauridae,Lambe (1902),Validum
Stegosaurus,Herbivorous,Late Jurassic 155-145 Million Years Ago,Usa,Armoured Dinosaur,9.0M,Dinosauria Ornithischia Genasauria Thyreophora Stegosauria Stegosauridae Stegosaurinae,Marsh (1877),Armatus
Stenopelix,Herbivorous,Early Cretaceous 127-121 Million Years Ago,Germany,Ceratopsian,1.5M,Dinosauria Ornithischia Genasauria Cerapoda Marginocephalia Pachycephalosauria,Meyer (1857),Valdensis
Struthiomimus,Omnivorous,Late Cretaceous 76-74 Million Years Ago,Canada,Small Theropod,4.0M,Dinosauria Saurischia Theropoda Neotheropoda Tetanurae Avetheropoda Coelurosauria Tyrannoraptora Maniraptoriformes Ornithomimosauria Ornithomimidae,Osborn (1917),Altus
Struthiosaurus,Herbivorous,Late Cretaceous 83-75 Million Years Ago,Spain,Armoured Dinosaur,2.5M,Dinosauria Ornithischia Genasauria Thyreophora Ankylosauromorpha Ankylosauria Nodosauridae,Bunzel (1871),Austriacus
Styracosaurus,Herbivorous,Late Cretaceous 76-70 Million Years Ago,Usa,Ceratopsian,5.5M,Dinosauria Ornithischia Genasauria Cerapoda Marginocephalia Ceratopsia Neoceratopsia Coronosauria Ceratopsidae Centrosaurinae,Lambe (1913),Albertensis
Suchomimus,Carnivorous,Early Cretaceous 121-112 Million Years Ago,Niger,Large Theropod,11.0M,Dinosauria Saurischia Theropoda Neotheropoda Tetanurae Spinosauroidea Spinosauridae Baryonychinae,Sereno Beck Dutheil Gado Larsson Lyon Marcot Rauhut Sadleir Sidor Varricchio Wilson And Wilson (1998),Tenerensis
Supersaurus,Herbivorous,Early Cretaceous 154-142 Million Years Ago,Usa,Sauropod,35.0M,Dinosauria Saurischia Sauropodomorpha Sauropoda Eusauropoda Neosauropoda Diplodocoidea Diplodocidae,Jansen (1985),Vivianae
Talarurus,Herbivorous,Late Cretaceous 99-89 Million Years Ago,Mongolia,Armoured Dinosaur,6.0M,Dinosauria Ornithischia Genasauria Thyreophora Ankylosauromorpha Ankylosauria Ankylosauridae,Maleev (1952),Plicatospineus
Tanius,Herbivorous,Late Cretaceous 89-65 Million Years Ago,China,Euornithopod,,Dinosauria Ornithischia Genasauria Cerapoda Ornithopoda Euornithopoda Iguanadontia Euiguanadontia Dryomorpha Ankylopollexia Iguanodontoidea Hadrosauridae,Wiman (1929),Sinensis
Tarbosaurus,Carnivorous,Late Cretaceous 74-70 Million Years Ago,Mongolia,Large Theropod,10.0M,Dinosauria Saurischia Theropoda Neotheropoda Tetanurae Avetheropoda Coelurosauria Tyrannoraptora Tyrannosauroidea Tyrannosauridae Tyrannosaurinae,Maleev (1955),Bataar
Tarchia,Herbivorous,Late Cretaceous 75-68 Million Years Ago,Mongolia,Armoured Dinosaur,8.5M,Dinosauria Ornithischia Genasauria Thyreophora Ankylosauromorpha Ankylosauria Ankylosaurinae,Maleev (1956),Gigantea
Telmatosaurus,Herbivorous,Late Cretaceous 84-65 Million Years Ago,Spain,Euornithopod,5.0M,Dinosauria Ornithischia Genasauria Cerapoda Ornithopoda Euornithopoda Iguanadontia Euiguanadontia Dryomorpha Ankylopollexia Iguanodontoidea Hadrosauridae,Nopcsa (1900),Transsylvanicus
Tenontosaurus,Herbivorous,Early Cretaceous 120-110 Million Years Ago,Usa,Euornithopod,7.0M,Dinosauria Ornithischia Genasauria Cerapoda Ornithopoda Euornithopoda Iguanadontia,Ostrom (1970),Tillettorum
Thecodontosaurus,Omnivorous,Late Triassic 227-205 Million Years Ago,United Kingdom,Sauropod,2.5M,Dinosauria Saurischia Sauropodomorpha Prosauropoda,Morris (1843),Antiquus
Therizinosaurus,Unknown,Late Cretaceous 85-70 Million Years Ago,Mongolia,Large Theropod,,Dinosauria Saurischia Theropoda Neotheropoda Tetanurae Avetheropoda Coelurosauria Tyrannoraptora Maniraptoriformes Maniraptora Therizinosauroidea Therizinosauridae,Maleev (1915),Cheloniformis
Thescelosaurus,Herbivorous,Late Cretaceous 76-67 Million Years Ago,Usa,Euornithopod,3.5M,Dinosauria Ornithischia Genasauria Cerapoda Ornithopoda Euornithopoda,Gilmore (1913),Neglectus
Torosaurus,Herbivorous,Late Cretaceous 70-65 Million Years Ago,Usa,Ceratopsian,7.5M,Dinosauria Ornithischia Genasauria Cerapoda Marginocephalia Ceratopsia Neoceratopsia Coronosauria Ceratopsidae Chasmosaurinae,Marsh (1891),Latus
Torvosaurus,Carnivorous,Late Jurassic 155-144 Million Years Ago,Usa,Large Theropod,10.0M,Dinosauria Saurischia Theropoda Neotheropoda Tetanurae Spinosauroidea Megalosauridae Megalosaurinae,Galton And Jensen (1979),Tanneri
Triceratops,Herbivorous,Late Cretaceous 68-66 Million Years Ago,Usa,Ceratopsian,9.0M,Dinosauria Ornithischia Genasauria Cerapoda Marginocephalia Ceratopsia Neoceratopsia Coronosauria Ceratopsidae Chasmosaurinae,Marsh (1889),Horridus
Troodon,Carnivorous,Late Cretaceous 74-65 Million Years Ago,Usa,Small Theropod,2.0M,Dinosauria Saurischia Theropoda Neotheropoda Tetanurae Avetheropoda Coelurosauria Tyrannoraptora Maniraptoriformes Maniraptora Paraves Eumaniraptoria Troodontidae,Leidy (1856),Formosus
Tsagantegia,Herbivorous,Late Cretaceous 99-84 Million Years Ago,Mongolia,Armoured Dinosaur,,Dinosauria Ornithischia Genasauria Thyreophora Ankylosauromorpha Ankylosauria Ankylosauridae,Tumanova (1993),Longicranialis
Tsintaosaurus,Herbivorous,Late Cretaceous 84-71 Million Years Ago,China,Euornithopod,12.0M,Dinosauria Ornithischia Genasauria Cerapoda Ornithopoda Euornithopoda Iguanadontia Euiguanadontia Dryomorpha Ankylopollexia Iguanodontoidea Hadrosauridae Euhadrosauria Lambeosaurinae,Young (1958),Spinorhinus
Tuojiangosaurus,Herbivorous,Late Jurassic 157-154 Million Years Ago,China,Armoured Dinosaur,7.0M,Dinosauria Ornithischia Genasauria Thyreophora Stegosauria Stegosauridae Stegosaurinae,Dong Li Zhou And Zhang (1973),Multispinus
Tylocephale,Herbivorous,Late Cretaceous 75-72 Million Years Ago,Mongolia,Euornithopod,1.4M,Dinosauria Ornithischia Genasauria Cerapoda Marginocephalia Pachycephalosauria Goyocephala Homalocephaloidea Pachycephalosauridae,Maryaå„Ska And Osmã³Lska (1974),Gilmorei
Tyrannosaurus,Carnivorous,Late Cretaceous 68-66 Million Years Ago,Usa,Large Theropod,12.0M,Dinosauria Saurischia Theropoda Neotheropoda Tetanurae Avetheropoda Coelurosauria Tyrannoraptora Tyrannosauroidea Tyrannosauridae Tyrannosaurinae,Osborn (1905),Rex
Udanoceratops,Herbivorous,Late Cretaceous 81-75 Million Years Ago,Mongolia,Ceratopsian,,Dinosauria Ornithischia Genasauria Cerapoda Marginocephalia Ceratopsia Neoceratopsia,Kurzanov (1992),Tschizhovi
Unenlagia,Carnivorous,Late Cretaceous 94-86 Million Years Ago,Argentina,Small Theropod,2.4M,Dinosauria Saurischia Theropoda Neotheropoda Tetanurae Avetheropoda Coelurosauria Tyrannoraptora Maniraptoriformes Maniraptora Paraves Eumaniraptora Dromaeosauridae,Novas And Puerta (1997),Comahuensis
Urbacodon,Carnivorous,Late Cretaceous 95 Million Years Ago,Uzbekistan,Small Theropod,1.0M,Dinosauria Saurischia,Averianov And Sues (2007),Itemirensis
Utahraptor,Carnivorous,Early Cretaceous 112-100 Million Years Ago,Usa,Large Theropod,6.0M,Dinosauria Saurischia Theropoda Neotheropoda Tetanurae Avetheropoda Coelurosauria Tyrannoraptora Maniraptoriformes Maniraptora Paraves Eumaniraptora Dromaeosauridae,Kirkland Gaston And Burge (1993),Ostrommaysorum
Valdosaurus,Herbivorous,Early Cretaceous 142-121 Million Years Ago,United Kingdom,Euornithopod,3.0M,Dinosauria Ornithischia Genasauria Cerapoda Ornithopoda Euornithopoda Iguanadontia Euiguanadontia Dryomorpha Dryosauridae,Galton (1975),Canaliculatus
Velociraptor,Carnivorous,Late Cretaceous 74-70 Million Years Ago,Mongolia,Small Theropod,1.8M,Dinosauria Saurischia Theropoda Neotheropoda Tetanurae Avetheropoda Coelurosauria Tyrannoraptora Maniraptoriformes Maniraptora Paraves Eumaniraptora Dromaeosauridae,Osborn (1924),Mongoliensis
Vulcanodon,Herbivorous,Early Jurassic 205-202 Million Years Ago,Zimbabwe,Sauropod,6.5M,Dinosauria Saurischia Sauropodomorpha Sauropoda Vulcanodontidae,Raath (1972),Karibaensis
Yandusaurus,Herbivorous,Mid Jurassic 169-159 Million Years Ago,China,Euornithopod,3.0M,Dinosauria Ornithischia Genasauria Cerapoda Ornithopoda Euornithopoda,He (1979),Hongheensis
Yangchuanosaurus,Carnivorous,Late Jurassic 160-144 Million Years Ago,China,Large Theropod,10.0M,Dinosauria Saurischia Theropoda Neotheropoda Tetanurae Avetheropoda Carnosauria Allosauroidea Sinraptoridae,Dong Chang Li And Zhou (1978),Shangyouensis
Yimenosaurus,Herbivorous,Early Jurassic 195-190 Million Years Ago,China,Sauropod,9.0M,Dinosauria Saurischia Sauropodomorpha Prosauropoda,Bai Yang And Wang (1990),Youngi
Yingshanosaurus,Herbivorous,Late Jurassic 159-142 Million Years Ago,China,Armoured Dinosaur,,Dinosauria Ornithischia Genasauria Thyreophora Stegosauria,Watanabe (1992),Jichuanensis
Yinlong,Herbivorous,Mid Jurassic 159-154 Million Years Ago,China,Ceratopsian,1.2M,Dinosauria Ornithischia Genasauria Cerapoda Marginocephalia Ceratopsia,Xu Forster Clark And Mo (2006),Downsi
Yuanmousaurus,Herbivorous,Mid Jurassic 180-159 Million Years Ago,China,Sauropod,17.0M,Dinosauria Saurischia Sauropodomorpha Sauropoda Eusauropoda,Lã¼ Li Ji Wang Zhang And Dong (2006),Jiangyiensis
Yunnanosaurus,Omnivorous,Early Jurassic 205-190 Million Years Ago,China,Sauropod,7.0M,Dinosauria Saurischia Sauropodomorpha Prosauropoda Plateosauria,Young (1942),Huangi
Zalmoxes,Herbivorous,Late Cretaceous 69 Million Years Ago,Romania,Euornithopod,3.0M,Dinosauria Ornithischia Genasauria Cerapoda Ornithopoda Euornithopoda Iguanadontia Rhabdodontidae,Nopcsa (1902),Robustus
Zephyrosaurus,Herbivorous,Early Cretaceous 120-110 Million Years Ago,Usa,Euornithopod,1.8M,Dinosauria Ornithischia Genasauria Cerapoda Ornithopoda Euornithopoda,Sues (1980),Schaffi
Zuniceratops,Herbivorous,Late Cretaceous 94-89 Million Years Ago,Usa,Ceratopsian,,Dinosauria Ornithischia Genasauria Cerapoda Marginocephalia Ceratopsia Neoceratopsia Coronosauria,Wolfe And Kirkland (1998),Christopheri
