Age,Gender,Time_Spent (Hrs),Platform,Interests,Location,Demographics,Profession,Annual_Income,Indebt,Debt Amount,Is_Homeowner,Owns_Car
64,Non-Binary,3,Instagram,Lifestlye,India,Suburban,Electrician,136328,TRUE,128312,TRUE,FALSE
64,Male,1,Facebook,Travel,Argentina,Urban,Social Media Manager,37458,FALSE,144279,FALSE,FALSE
64,Non-Binary,3,Instagram,Lifestlye,Australia,Rural,Retail Sales Associate,109104,TRUE,186166,TRUE,TRUE
64,Male,3,Instagram,Travel,United Kingdom,Urban,Childcare Worker,141850,FALSE,106042,FALSE,TRUE
64,Female,2,Instagram,Lifestlye,Peru,Rural,Musician,97813,FALSE,100129,FALSE,FALSE
64,Non-Binary,3,Instagram,Lifestlye,Norway,Urban,Teacher,144906,FALSE,118484,FALSE,FALSE
64,Female,2,YouTube,Travel,United States,Urban,Nurse Practitioner,36903,TRUE,90799,TRUE,TRUE
64,Female,1,YouTube,Pottery,United States,Rural,Lawyer,114014,TRUE,117271,TRUE,FALSE
64,Male,2,Instagram,Sports,United States,Rural,Psychologist,41478,FALSE,156707,FALSE,TRUE
64,Female,2,Instagram,Lifestlye,Australia,Urban,Chef,110968,FALSE,107046,FALSE,FALSE
64,Female,2,Instagram,Lifestlye,United Kingdom,Suburban,Proofreader,42194,FALSE,174421,TRUE,TRUE
64,Male,3,YouTube,Sports,United States,Urban,Paramedic,26318,TRUE,142723,TRUE,TRUE
64,Non-Binary,2,Instagram,Travel,Australia,Rural,Customer Service Representative,48286,FALSE,33297,TRUE,FALSE
64,Male,3,Facebook,Sports,United States,Urban,Artist,45865,FALSE,62265,FALSE,TRUE
64,Female,2,Facebook,Lifestlye,United Kingdom,Urban,Financial Planner,95541,TRUE,121027,TRUE,FALSE
64,Female,1,YouTube,Travel,United States,Suburban,Paramedic,101985,FALSE,28393,TRUE,FALSE
64,Male,1,Facebook,Urban gardening,United States,Rural,Musician,108466,TRUE,36401,FALSE,FALSE
64,Female,3,Facebook,Parkour,Australia,Suburban,Physical Therapist Assistant,81108,FALSE,66826,FALSE,FALSE
64,Male,3,Facebook,Lifestlye,Japan,Suburban,Claims Adjuster,40062,TRUE,146296,TRUE,TRUE
64,Male,3,Facebook,Travel,United States,Rural,Makeup Artist,83495,TRUE,118891,FALSE,TRUE
64,Male,2,YouTube,Sports,United States,Rural,Financial Aid Counselor,55331,FALSE,138701,TRUE,TRUE
64,Male,2,YouTube,Reading,Thailand,Suburban,Medical Illustrator,138577,TRUE,100649,TRUE,FALSE
64,Female,1,Facebook,Birdwatching,Australia,Urban,Genetics Counselor,89853,TRUE,187373,TRUE,TRUE
64,Female,3,YouTube,Travel,United Kingdom,Suburban,Software Tester,29456,TRUE,154032,TRUE,TRUE
64,Male,3,Instagram,Lifestlye,United States,Urban,Marketing Specialist,99991,FALSE,101945,TRUE,FALSE
64,Male,3,Instagram,Archery,United States,Suburban,Paramedic,41104,FALSE,114187,TRUE,TRUE
64,Non-Binary,3,Facebook,Birdwatching,Brazil,Urban,Marketing Manager,89654,TRUE,109573,FALSE,TRUE
63,Non-Binary,2,Facebook,Lifestlye,United Kingdom,Suburban,Retail Manager,97750,TRUE,26687,TRUE,FALSE
63,Non-Binary,3,Facebook,Travel,South Africa,Rural,Social Worker,111723,TRUE,18259,FALSE,TRUE
63,Non-Binary,1,YouTube,Sports,United States,Rural,Construction Worker,84616,FALSE,170916,FALSE,TRUE
63,Female,3,Instagram,Lifestlye,Australia,Urban,Retail Manager,131758,TRUE,189431,FALSE,TRUE
63,Male,1,YouTube,Travel,Australia,Rural,Event Planner,82122,FALSE,125210,FALSE,FALSE
63,Male,3,Instagram,Sports,Australia,Rural,Financial Planner,138831,TRUE,137641,TRUE,FALSE
63,Male,3,YouTube,Travel,United States,Rural,Software Tester,72205,FALSE,106631,TRUE,TRUE
63,Female,2,Facebook,Pottery,United Kingdom,Urban,GIS Analyst,34362,TRUE,179939,TRUE,TRUE
63,Male,1,YouTube,Lifestlye,Australia,Rural,Doctor,124523,FALSE,196313,TRUE,TRUE
63,Male,2,Facebook,Travel,United Kingdom,Suburban,Firefighter,124856,TRUE,63784,TRUE,FALSE
63,Male,3,Instagram,Chess,United Kingdom,Urban,Carpenter,108814,TRUE,183120,FALSE,FALSE
63,Female,3,Instagram,Travel,Malaysia,Urban,Forester,69278,TRUE,183496,FALSE,TRUE
63,Male,1,Facebook,Wine tasting,Australia,Urban,Multimedia Artist,57336,FALSE,28049,FALSE,FALSE
62,Female,2,Instagram,Sports,United Kingdom,Suburban,Legal Assistant,93807,FALSE,106666,FALSE,TRUE
62,Female,1,YouTube,Sports,Australia,Rural,Event Coordinator,46783,FALSE,48860,FALSE,FALSE
62,Male,1,Instagram,Lifestlye,Germany,Rural,Teacher,65296,FALSE,175148,FALSE,TRUE
62,Female,3,Instagram,Travel,Albania,Suburban,Web Developer,84961,FALSE,103601,TRUE,FALSE
62,Male,3,Facebook,Sports,San Marino,Suburban,Archaeologist,38778,FALSE,158834,FALSE,TRUE
62,Male,1,Instagram,Travel,Greece,Rural,Mechanical Engineer,64829,FALSE,193341,TRUE,TRUE
62,Male,2,Instagram,Sports,United Kingdom,Rural,Insurance Agent,129685,TRUE,177002,TRUE,TRUE
62,Female,3,Facebook,Urban exploration,United States,Suburban,Accountant,114799,FALSE,102283,FALSE,FALSE
62,Female,1,YouTube,Lifestlye,Australia,Urban,Software Developer,78100,TRUE,98966,TRUE,TRUE
62,Female,3,YouTube,Lifestlye,Canada,Rural,Retail Manager,139915,FALSE,188716,TRUE,TRUE
62,Female,1,Instagram,Lifestlye,United Kingdom,Rural,Mobile App Developer,123902,FALSE,150796,FALSE,TRUE
62,Male,1,Instagram,Lifestlye,Australia,Rural,Industrial Designer,98944,TRUE,133412,FALSE,TRUE
62,Male,1,YouTube,Travel,United Kingdom,Suburban,HR Manager,105127,FALSE,158271,TRUE,TRUE
62,Non-Binary,2,YouTube,Travel,Australia,Suburban,Electrician,63928,FALSE,60378,FALSE,TRUE
62,Non-Binary,1,Facebook,Lifestlye,United States,Rural,Pharmacist,138967,TRUE,34804,TRUE,FALSE
62,Non-Binary,3,Instagram,Travel,United States,Rural,Sales Representative,146815,FALSE,162150,FALSE,TRUE
62,Non-Binary,2,Facebook,Travel,United States,Urban,Doctor,61104,FALSE,142780,TRUE,TRUE
62,Female,3,Instagram,Lifestlye,Australia,Suburban,Dental Hygienist,111098,FALSE,123057,FALSE,FALSE
62,Male,3,Facebook,Scuba diving,United Kingdom,Urban,Librarian,32342,TRUE,53687,FALSE,TRUE
62,Non-Binary,1,Facebook,Lifestlye,Japan,Urban,Financial Controller,79225,FALSE,29129,FALSE,TRUE
62,Male,1,Facebook,Lifestlye,China,Suburban,Ethical Hacker,134701,TRUE,64557,FALSE,FALSE
62,Male,3,Instagram,Surfing,Australia,Rural,Technical Illustrator,39526,TRUE,55236,FALSE,TRUE
62,Female,2,YouTube,Sports,United Kingdom,Rural,Chef,58526,FALSE,180683,TRUE,TRUE
62,Male,3,Instagram,DIY Projects,Japan,Suburban,Construction Worker,39898,FALSE,151411,FALSE,FALSE
62,Female,2,YouTube,Travel,Norway,Urban,Biologist,45021,FALSE,39264,FALSE,TRUE
61,Male,3,Facebook,Astronomy,Mexico,Urban,Pharmacist,109355,FALSE,168831,FALSE,FALSE
61,Male,3,Facebook,Lifestlye,Germany,Suburban,Librarian,148550,TRUE,109886,FALSE,FALSE
61,Non-Binary,3,Instagram,Travel,United Kingdom,Rural,Event Planner,122149,FALSE,119586,TRUE,FALSE
61,Non-Binary,2,YouTube,Travel,United States,Suburban,Police Detective,142563,FALSE,194702,TRUE,FALSE
61,Male,1,Instagram,Travel,South Africa,Suburban,Art Director,97557,TRUE,135746,FALSE,FALSE
61,Female,3,Instagram,Lifestlye,Mexico,Rural,Marketing Manage,49998,TRUE,115705,TRUE,TRUE
61,Female,3,Instagram,Sports,Australia,Suburban,Marketing Specialist,43711,FALSE,55071,TRUE,FALSE
61,Female,2,Facebook,Lifestlye,Australia,Rural,Marine Biologist,120254,TRUE,175424,TRUE,TRUE
61,Male,2,Instagram,Lifestlye,United States,Rural,Aerospace Engineer,101073,FALSE,170157,FALSE,TRUE
61,Female,3,Facebook,Lifestlye,Australia,Rural,Mortgage Broker,90821,TRUE,173871,TRUE,FALSE
61,Male,1,Instagram,Sports,United Kingdom,Rural,Archivist,55727,FALSE,192263,FALSE,FALSE
61,Male,2,Instagram,Lifestlye,United States,Suburban,Marketing Manager,31488,FALSE,145250,FALSE,TRUE
61,Female,3,Instagram,Travel,Australia,Urban,Mechanical Engineer,39034,TRUE,194402,TRUE,FALSE
61,Male,3,YouTube,Lifestlye,United States,Urban,Event Coordinator,76054,FALSE,22707,TRUE,FALSE
61,Male,1,Facebook,Travel,United States,Rural,Paramedic,141162,FALSE,144740,TRUE,TRUE
61,Female,2,Facebook,Lifestlye,United Kingdom,Suburban,Environmental Scientist,137853,TRUE,132174,FALSE,FALSE
61,Male,3,YouTube,Sports,Australia,Urban,Customer Service Representative,124939,FALSE,97041,FALSE,TRUE
61,Non-Binary,2,Instagram,Lifestlye,United States,Suburban,Chef,66873,FALSE,53117,TRUE,TRUE
61,Female,3,YouTube,Singing,United States,Urban,Paramedic,54255,FALSE,144069,TRUE,FALSE
61,Male,1,YouTube,Travel,Australia,Rural,Music Therapist,112651,FALSE,199544,FALSE,FALSE
61,Male,1,Facebook,Reading,United States,Urban,Data Entry Clerk,92521,FALSE,41698,FALSE,TRUE
61,Female,2,YouTube,Sports,United States,Rural,Librarian,40850,FALSE,176796,TRUE,FALSE
61,Female,3,YouTube,Model building,Australia,Suburban,Biologist,141121,TRUE,64563,TRUE,FALSE
60,Non-Binary,3,Instagram,Travel,United Kingdom,Urban,Accountant,102545,FALSE,159572,TRUE,FALSE
60,Male,3,Facebook,Lifestlye,North Macedonia,Rural,Financial Analyst,76451,FALSE,126929,FALSE,TRUE
60,Male,3,Facebook,Lifestlye,Australia,Rural,Real Estate Agent,110323,TRUE,147828,TRUE,FALSE
60,Female,2,YouTube,Lifestlye,United Kingdom,Urban,Electrician,131695,TRUE,59142,FALSE,FALSE
60,Male,2,Facebook,Sports,United States,Suburban,Video Game Designer,104060,FALSE,76674,FALSE,TRUE
60,Female,2,YouTube,Travel,Australia,Urban,Investment Banker,56349,FALSE,176365,FALSE,FALSE
60,Female,2,Instagram,Travel,United States,Rural,Marketing Specialist,84513,TRUE,63164,FALSE,FALSE
60,Non-Binary,3,Instagram,Singing,United States,Suburban,Marine Biologist,62245,FALSE,64886,FALSE,TRUE
60,Male,2,Facebook,Model building,France,Suburban,Aerospace Engineer,86991,FALSE,192117,TRUE,FALSE
60,Non-Binary,2,Facebook,Lifestlye,South Korea,Suburban,Patent Attorney,49983,FALSE,33294,TRUE,FALSE
60,Female,3,Instagram,Sewing,United States,Rural,Tax Accountant,36549,TRUE,38995,FALSE,FALSE
60,Male,3,YouTube,Graphic design,Australia,Urban,Police Officer,123980,TRUE,32481,TRUE,TRUE
59,Male,5,Facebook,Sports,Italy,Urban,Architect,44044,FALSE,91892,FALSE,TRUE
59,Male,2,Instagram,Lifestlye,United Kingdom,Suburban,Copywriter,49290,FALSE,44847,TRUE,FALSE
59,Female,2,Instagram,Reading,Australia,Suburban,Biologist,61026,FALSE,114310,FALSE,FALSE
59,Male,4,Instagram,Sports,Ukraine,Suburban,Paramedic,70546,FALSE,78723,TRUE,TRUE
59,Female,2,Facebook,Lifestlye,Liechtenstein,Suburban,HR Manager,105431,TRUE,93391,FALSE,TRUE
59,Male,3,Facebook,Travel,Australia,Suburban,GIS Analyst,34534,FALSE,23832,TRUE,TRUE
59,Female,5,Instagram,Lifestlye,Nigeria,Urban,Database Administrator,134330,TRUE,168559,FALSE,FALSE
59,Male,2,Instagram,Sports,Australia,Suburban,Veterinarian,109331,TRUE,162783,TRUE,FALSE
59,Male,3,YouTube,Travel,Australia,Urban,Financial Advisor,46233,TRUE,30254,TRUE,FALSE
59,Female,6,YouTube,Sports,Philippines,Rural,Police Detective,52241,FALSE,76466,TRUE,FALSE
59,Female,4,YouTube,Travel,United States,Suburban,Environmental Scientist,43771,FALSE,160719,TRUE,TRUE
59,Male,6,Instagram,Geocaching,United Kingdom,Urban,Police Officer,68685,FALSE,85238,FALSE,TRUE
59,Female,6,YouTube,Sports,United Kingdom,Suburban,Ethnobotanist,60288,FALSE,160885,TRUE,TRUE
59,Male,5,YouTube,Lifestlye,United Kingdom,Rural,Construction Worker,68874,FALSE,42785,FALSE,FALSE
59,Female,5,Facebook,DIY electronics,Malaysia,Urban,Web Developer,110856,FALSE,116181,TRUE,TRUE
59,Male,6,Facebook,Sports,Thailand,Rural,Criminal Investigator,106355,FALSE,39896,FALSE,FALSE
59,Female,2,YouTube,Wine tasting,United States,Rural,Musician,65127,FALSE,134293,FALSE,TRUE
58,Female,3,YouTube,Lifestlye,Australia,Suburban,Chef,70061,TRUE,113007,TRUE,TRUE
58,Female,6,YouTube,Astronomy,United Kingdom,Suburban,Dentist,88767,FALSE,176457,TRUE,FALSE
58,Male,4,YouTube,Surfing,Australia,Suburban,Executive Assistant,109148,FALSE,96711,FALSE,TRUE
58,Male,3,YouTube,Travel,Australia,Urban,Pharmaceutical Sales Representative,134190,TRUE,42693,FALSE,TRUE
58,Female,2,YouTube,Lifestlye,United States,Suburban,E commerce Manager,144374,FALSE,138404,TRUE,FALSE
58,Male,5,YouTube,Meditation,Australia,Rural,Marketing Specialist,82932,TRUE,157222,TRUE,FALSE
58,Male,3,Facebook,Travel,United Kingdom,Urban,Zoologist,76381,FALSE,148706,TRUE,TRUE
58,Male,4,Instagram,Sports,United States,Rural,Plumber,98158,FALSE,163448,TRUE,TRUE
58,Male,3,Facebook,Lifestlye,Australia,Suburban,Court Reporter,29531,TRUE,196022,TRUE,TRUE
58,Female,3,Facebook,Travel,United States,Suburban,Insurance Underwriter,106426,TRUE,63890,TRUE,TRUE
58,Female,6,YouTube,Lifestlye,Australia,Suburban,Genetics Counselor,72255,FALSE,188775,FALSE,FALSE
58,Male,4,YouTube,Travel,United Kingdom,Rural,Carpenter,65299,TRUE,72177,TRUE,TRUE
58,Non-Binary,3,Instagram,Sports,United States,Urban,HR Manager,122446,FALSE,33314,FALSE,FALSE
58,Male,4,Facebook,Learning magic tricks,Australia,Urban,Personal Trainer,143189,FALSE,116707,FALSE,FALSE
58,Male,6,Instagram,Travel,United Kingdom,Urban,Financial Analyst,106948,FALSE,146681,TRUE,FALSE
58,Female,2,YouTube,Travel,Australia,Rural,Surveyor,49706,FALSE,82197,TRUE,TRUE
58,Male,4,YouTube,Photography,United Kingdom,Rural,Event Planner,136826,FALSE,96154,FALSE,FALSE
58,Male,3,Instagram,Sewing,United Kingdom,Urban,Veterinarian,73866,FALSE,50577,TRUE,FALSE
57,Male,6,Instagram,Yoga,Italy,Urban,Construction Worker,99017,FALSE,33347,TRUE,FALSE
57,Female,2,Instagram,Travel,Australia,Urban,Firefighter,110332,TRUE,135766,FALSE,FALSE
57,Male,3,Facebook,Lifestlye,United States,Suburban,Data Entry Clerk,71368,FALSE,65665,TRUE,FALSE
57,Female,5,Instagram,Sports,United States,Suburban,Aerospace Engineer,67796,TRUE,114976,TRUE,TRUE
57,Female,4,Facebook,Travel,Italy,Urban,Arbitrator,42874,TRUE,47470,FALSE,FALSE
57,Female,2,Facebook,Travel,China,Urban,Proofreader,128391,TRUE,136720,FALSE,FALSE
57,Male,3,Facebook,Martial arts,United Kingdom,Rural,Web Developer,101704,FALSE,69583,TRUE,TRUE
57,Female,4,YouTube,Travel,United States,Suburban,Electrician,63215,TRUE,173619,TRUE,FALSE
57,Female,5,Instagram,Lifestlye,Australia,Rural,Lawyer,25401,FALSE,161988,TRUE,TRUE
57,Female,2,YouTube,Graphic design,United Kingdom,Urban,Sales Representative,115154,FALSE,19231,TRUE,FALSE
57,Male,4,Instagram,Sports,United States,Urban,Chef,55077,FALSE,128054,FALSE,TRUE
57,Female,6,Facebook,Travel,United Kingdom,Urban,Veterinary Technician,97698,TRUE,92242,TRUE,TRUE
57,Female,4,Facebook,Sports,Australia,Suburban,Web Developer,147946,FALSE,153857,FALSE,FALSE
57,Female,3,YouTube,Mountain climbing,Australia,Suburban,Veterinarian,76071,FALSE,47083,TRUE,FALSE
57,Female,3,Facebook,Chess,United States,Urban,Landscape Architect,81986,FALSE,158818,TRUE,TRUE
57,Male,3,Instagram,Woodworking,United States,Urban,Social Worker,131368,FALSE,69312,FALSE,FALSE
57,Female,6,Instagram,Sports,Canada,Urban,Lawyer,77893,TRUE,82953,TRUE,FALSE
56,Male,3,Instagram,Sports,United Kingdom,Urban,Software Engineer,108824,TRUE,133744,FALSE,FALSE
56,Male,4,YouTube,Sports,France,Urban,Lawyer,67003,TRUE,62461,TRUE,TRUE
56,Non-Binary,2,Instagram,Sports,France,Urban,Teacher Assistant,135815,TRUE,49665,FALSE,FALSE
56,Male,3,Facebook,Cooking,United Kingdom,Suburban,Librarian,130937,TRUE,48523,FALSE,FALSE
56,Female,3,Instagram,Sports,Ireland,Urban,Software Developer,140918,TRUE,111086,FALSE,FALSE
56,Female,3,Instagram,Lifestlye,Lithuania,Urban,Data Entry Clerk,149420,TRUE,137636,TRUE,TRUE
56,Female,2,Instagram,Sports,Montenegro,Rural,Customer Service Representative,104225,FALSE,59261,FALSE,FALSE
56,Female,3,YouTube,Meditation,United States,Suburban,Video Game Designer,37106,TRUE,147733,FALSE,TRUE
56,Male,3,Instagram,Collecting antiques,United States,Urban,Biomedical Scientist,78424,FALSE,25058,FALSE,TRUE
56,Male,5,YouTube,Lifestlye,Italy,Urban,Social Media Influencer,46016,TRUE,54670,FALSE,FALSE
56,Female,2,YouTube,Travel,Australia,Suburban,GIS Specialist,94300,TRUE,174516,FALSE,TRUE
56,Female,2,YouTube,Travel,Japan,Suburban,Social Media Manager,27729,TRUE,179297,TRUE,FALSE
56,Male,6,Instagram,Lifestlye,United Kingdom,Suburban,Software Engineer,44120,TRUE,104909,FALSE,FALSE
56,Female,4,Facebook,Sports,Australia,Suburban,Marketing Specialist,120398,TRUE,119137,TRUE,FALSE
56,Male,3,Facebook,Sports,United Kingdom,Urban,Social Worker,81797,TRUE,87174,TRUE,FALSE
56,Male,5,YouTube,Lifestlye,Australia,Urban,Personal Assistant,50216,FALSE,175112,TRUE,FALSE
56,Male,5,Facebook,Sports,United Kingdom,Suburban,Forensic Accountant,147478,FALSE,154927,TRUE,FALSE
56,Female,6,Facebook,Lifestlye,United Kingdom,Rural,IT Project Manager,111340,FALSE,154046,FALSE,TRUE
56,Non-Binary,6,Instagram,Travel,Australia,Urban,Web Developer,147422,FALSE,135470,TRUE,FALSE
56,Male,2,YouTube,Lifestlye,United Kingdom,Rural,Social Worker,148874,TRUE,124062,TRUE,TRUE
56,Non-Binary,5,YouTube,Travel,United Kingdom,Suburban,Biologist,110687,FALSE,84006,FALSE,TRUE
56,Male,5,Facebook,Model building,Australia,Suburban,Software Developer,108392,TRUE,195545,TRUE,TRUE
56,Female,2,Instagram,Historical reenactment,United Kingdom,Suburban,Software Tester,114091,TRUE,22008,TRUE,TRUE
56,Female,4,Facebook,Creative writing,United Kingdom,Rural,Systems Analyst,113969,FALSE,182823,FALSE,TRUE
56,Male,4,YouTube,Ice skating,United States,Urban,Sustainability Consultant,26289,FALSE,37498,FALSE,TRUE
55,Male,3,YouTube,Birdwatching,United Kingdom,Urban,Mechanical Engineer,138475,TRUE,88054,FALSE,TRUE
55,Female,6,YouTube,Travel,Australia,Suburban,Museum Curator,99031,FALSE,155715,TRUE,TRUE
55,Female,3,Instagram,Volunteer work,Australia,Rural,Customer Service Representative,133145,TRUE,26673,TRUE,FALSE
55,Non-Binary,2,Instagram,Sports,Portugal,Rural,Pharmacist,144468,TRUE,31889,TRUE,TRUE
55,Non-Binary,4,Instagram,Travel,Spain,Rural,Retail Manager,89337,TRUE,93531,FALSE,FALSE
55,Female,6,YouTube,Travel,United Kingdom,Suburban,Veterinarian,52676,FALSE,172522,TRUE,TRUE
55,Male,3,Instagram,Lifestlye,Australia,Rural,Retail Manager,111156,FALSE,194289,TRUE,TRUE
55,Non-Binary,2,Instagram,Lifestlye,United Kingdom,Urban,Electrician,47011,TRUE,194979,TRUE,FALSE
55,Male,4,Instagram,Ice skating,Australia,Rural,Software Developer,75463,TRUE,32172,TRUE,TRUE
55,Female,5,YouTube,Archery,United States,Suburban,Lawyer,124692,TRUE,121981,TRUE,TRUE
55,Male,6,YouTube,Hiking,Bhutan,Rural,Human Resources Assistant,39607,FALSE,141466,FALSE,FALSE
55,Male,5,YouTube,Skydiving,Australia,Suburban,Aerospace Engineer,79874,TRUE,106441,TRUE,FALSE
55,Male,3,Instagram,Pottery,South Africa,Urban,Musician,61132,FALSE,72278,FALSE,TRUE
55,Female,2,Facebook,Playing musical instruments,United States,Urban,Home Inspector,81767,TRUE,61566,FALSE,TRUE
55,Female,2,Instagram,Travel,Australia,Rural,Retail Manager,136561,TRUE,73369,TRUE,FALSE
55,Male,5,YouTube,DIY Projects,Thailand,Suburban,Construction Worker,147560,TRUE,46069,FALSE,FALSE
54,Male,4,YouTube,Lifestlye,Australia,Urban,Software Developer,99728,TRUE,59601,TRUE,FALSE
54,Female,4,Instagram,Sports,United Kingdom,Urban,Software Tester,86147,FALSE,19125,FALSE,TRUE
54,Male,5,YouTube,Lifestlye,Colombia,Suburban,Environmental Scientist,121746,FALSE,170772,FALSE,FALSE
54,Female,4,YouTube,Lifestlye,Serbia,Urban,Marketing Manager,32936,FALSE,84851,FALSE,TRUE
54,Male,4,Instagram,Volunteer work,Australia,Rural,Mechanical Drafter,83925,FALSE,155672,TRUE,TRUE
54,Female,2,Instagram,Lifestlye,Mexico,Suburban,Court Reporter,42873,FALSE,162887,FALSE,TRUE
54,Male,2,Instagram,Lifestlye,Japan,Suburban,Sound Engineer,107981,TRUE,29428,FALSE,FALSE
54,Female,2,YouTube,Travel,Argentina,Suburban,Software Developer,45110,TRUE,179351,FALSE,TRUE
54,Female,4,YouTube,Lifestlye,United States,Urban,Social Worker,76520,TRUE,123019,FALSE,FALSE
54,Female,4,YouTube,Sports,Australia,Rural,Childcare Worker,105045,FALSE,133360,FALSE,TRUE
54,Female,5,Instagram,Travel,United States,Rural,Carpenter,52322,TRUE,26101,TRUE,TRUE
54,Male,3,Facebook,Lifestlye,Australia,Suburban,Musician,109329,FALSE,68112,FALSE,TRUE
54,Female,6,Instagram,Travel,United Kingdom,Rural,Veterinarian,88039,TRUE,19801,FALSE,TRUE
54,Female,6,Instagram,Sports,United States,Urban,Human Resources Manager,82289,FALSE,74972,TRUE,FALSE
54,Female,2,Instagram,Lifestlye,United States,Urban,Makeup Artist,111013,TRUE,117564,FALSE,FALSE
54,Male,6,Facebook,Sports,Australia,Suburban,Robotics Engineer,113662,FALSE,68056,TRUE,TRUE
54,Female,5,Instagram,Lifestlye,United States,Rural,Pharmacist,126152,FALSE,194443,FALSE,TRUE
54,Non-Binary,2,Facebook,Sports,United States,Rural,Plumber,33703,FALSE,85695,FALSE,TRUE
54,Female,4,Facebook,Wine tasting,United Kingdom,Suburban,IT Technician,41874,FALSE,76279,TRUE,TRUE
54,Female,6,YouTube,Reading,Australia,Urban,Marketing Manage,86929,FALSE,23716,TRUE,TRUE
54,Female,5,Instagram,Parkour,United Kingdom,Urban,Social Worker,123866,TRUE,181943,FALSE,TRUE
54,Female,5,YouTube,Parkour,United Kingdom,Suburban,Project Manager,73393,FALSE,145149,TRUE,FALSE
54,Female,4,YouTube,Scuba diving,United States,Suburban,GIS Specialist,53497,TRUE,36140,FALSE,FALSE
54,Male,3,YouTube,Birdwatching,United States,Suburban,Marketing Manager,133204,FALSE,117454,TRUE,TRUE
54,Male,2,Instagram,Travel,Philippines,Urban,Administrative Assistant,76447,TRUE,185616,TRUE,FALSE
54,Male,3,Instagram,Travel,Canada,Urban,Chef,124269,FALSE,37966,TRUE,FALSE
54,Male,3,YouTube,Chess,Philippines,Rural,Financial Analyst,111212,FALSE,60040,TRUE,TRUE
53,Male,3,Facebook,Painting,South Africa,Rural,Web Developer,124364,FALSE,78267,TRUE,TRUE
53,Female,4,Facebook,Sports,Mexico,Suburban,Occupational Therapist,36630,FALSE,102954,TRUE,TRUE
53,Female,2,Facebook,Sports,Australia,Urban,Human Resources Assistant,37293,TRUE,72956,TRUE,TRUE
53,Female,4,Facebook,Lifestlye,Moldova,Rural,Plumber,122368,FALSE,150344,FALSE,FALSE
53,Male,3,Facebook,Lifestlye,Egypt,Urban,Medical Illustrator,27349,FALSE,124253,TRUE,TRUE
53,Female,3,Facebook,Horseback riding,United Kingdom,Rural,Doctor,45083,TRUE,75674,FALSE,FALSE
53,Non-Binary,4,Facebook,Sports,United States,Urban,Fashion Stylist,128618,FALSE,20747,FALSE,FALSE
53,Female,2,Facebook,Sports,Mexico,Rural,Firefighter,42122,TRUE,67217,FALSE,TRUE
53,Female,4,YouTube,Sports,Philippines,Suburban,Data Entry Clerk,149412,TRUE,105827,TRUE,TRUE
53,Female,6,Instagram,Lifestlye,Mexico,Suburban,Web Developer,64955,FALSE,71275,TRUE,TRUE
53,Female,6,Instagram,Lifestlye,United States,Rural,Sound Engineer,64985,TRUE,44833,TRUE,FALSE
53,Male,4,Instagram,Lifestlye,United States,Suburban,Claims Adjuster,125868,TRUE,168074,FALSE,FALSE
53,Female,5,Instagram,Travel,United States,Suburban,GIS Technician,48392,FALSE,187599,FALSE,TRUE
53,Female,5,YouTube,Sports,Australia,Rural,Multimedia Artist,26867,TRUE,135502,TRUE,TRUE
53,Male,4,Facebook,Travel,Australia,Urban,Dental Hygienist,78832,FALSE,88862,TRUE,TRUE
53,Non-Binary,5,Instagram,Sports,Australia,Rural,Chef,97217,FALSE,126897,FALSE,TRUE
53,Non-Binary,4,Instagram,Lifestlye,United Kingdom,Rural,Social Worker,73883,TRUE,178838,TRUE,TRUE
53,Male,3,Instagram,Mountain climbing,United States,Rural,Financial Advisor,142274,FALSE,109424,FALSE,TRUE
53,Female,2,Facebook,Surfing,Australia,Urban,Real Estate Agent,69282,FALSE,62888,TRUE,FALSE
53,Non-Binary,3,YouTube,Sports,United Kingdom,Urban,GIS Technician,143370,FALSE,184255,FALSE,TRUE
53,Male,2,Instagram,Sports,Australia,Suburban,Human Resources Assistant,126823,FALSE,92067,FALSE,TRUE
53,Female,3,Instagram,Travel,Germany,Suburban,Sales Representative,76632,FALSE,61352,TRUE,TRUE
53,Non-Binary,2,Facebook,Scuba diving,United Kingdom,Suburban,Plumber,120142,TRUE,100203,FALSE,FALSE
52,Male,4,YouTube,Travel,United Kingdom,Urban,Civil Engineer,107517,FALSE,151840,TRUE,FALSE
52,Male,4,Facebook,Birdwatching,France,Suburban,Artist,90266,FALSE,80709,FALSE,FALSE
52,Female,5,Instagram,Fishing,Australia,Suburban,HR Manager,106661,FALSE,94973,FALSE,TRUE
52,Female,6,Instagram,Lifestlye,United Kingdom,Rural,Human Resources Assistant,34534,TRUE,86801,TRUE,TRUE
52,Female,2,YouTube,Lifestlye,Australia,Urban,Account Executive,32144,FALSE,20513,FALSE,TRUE
52,Male,4,YouTube,Sports,Mexico,Suburban,Data Entry Clerk,42572,FALSE,46680,TRUE,TRUE
52,Male,3,YouTube,Sports,Turkey,Urban,Sales Engineer,51304,TRUE,20063,FALSE,FALSE
52,Female,5,Instagram,Dancing,Australia,Urban,Aerospace Engineer,133839,TRUE,179984,TRUE,TRUE
52,Male,2,YouTube,Sports,Australia,Urban,Financial Analyst,35199,FALSE,87354,TRUE,TRUE
52,Male,6,Instagram,Sports,Australia,Urban,Plumber,30341,TRUE,57656,TRUE,FALSE
52,Non-Binary,2,Facebook,Travel,United Kingdom,Urban,HR Manager,89339,FALSE,21168,FALSE,TRUE
52,Non-Binary,3,Instagram,Lifestlye,United Kingdom,Suburban,Chef,27449,TRUE,92236,FALSE,TRUE
52,Non-Binary,6,Facebook,Travel,United Kingdom,Rural,Administrative Assistant,145383,TRUE,186320,TRUE,TRUE
52,Male,5,YouTube,Lifestlye,United Kingdom,Rural,Artist,119039,TRUE,133850,FALSE,FALSE
52,Male,6,Facebook,Lifestlye,Russia,Rural,Retail Sales Associate,95278,FALSE,113349,TRUE,FALSE
52,Male,6,YouTube,Archery,Australia,Urban,Chef,68948,TRUE,182084,FALSE,FALSE
52,Male,4,Facebook,Travel,United Kingdom,Rural,IT Consultant,81114,TRUE,89276,TRUE,FALSE
52,Female,2,YouTube,Graphic design,Australia,Rural,Content Creator,41097,FALSE,23560,FALSE,TRUE
52,Female,2,YouTube,Lifestlye,Australia,Urban,Biochemist,125602,FALSE,23070,FALSE,FALSE
52,Male,6,Instagram,Sports,United Kingdom,Rural,Optometrist,62862,FALSE,123565,FALSE,TRUE
52,Male,3,Facebook,Sports,United Kingdom,Rural,Community Health Worker,46046,TRUE,113007,TRUE,FALSE
52,Female,5,YouTube,Lifestlye,United Kingdom,Suburban,Sustainability Consultant,87900,TRUE,174324,TRUE,TRUE
52,Male,3,Instagram,Lifestlye,United States,Urban,Software Developer,93124,TRUE,177744,FALSE,FALSE
52,Non-Binary,2,Instagram,Sports,United States,Suburban,Police Officer,38934,TRUE,63552,TRUE,TRUE
52,Female,6,Instagram,Travel,United Kingdom,Rural,Insurance Agent,57041,TRUE,112743,FALSE,TRUE
52,Female,2,YouTube,Sports,United States,Rural,Mechanical Engineer,47962,FALSE,145368,TRUE,FALSE
52,Male,2,Instagram,Lifestlye,United Kingdom,Rural,Immigration Lawyer,146237,TRUE,185721,FALSE,TRUE
52,Male,4,Instagram,DIY Projects,United States,Rural,E commerce Manager,81900,FALSE,189141,FALSE,TRUE
51,Female,3,YouTube,Lifestlye,Italy,Suburban,Dental Hygienist,57408,FALSE,176087,FALSE,TRUE
51,Male,3,YouTube,Painting,United States,Urban,Electrician,92607,TRUE,85230,TRUE,FALSE
51,Male,5,Instagram,Sports,United Kingdom,Rural,Robotics Engineer,44646,TRUE,124960,FALSE,FALSE
51,Male,2,Facebook,Lifestlye,France,Suburban,Carpenter,55968,TRUE,62188,FALSE,FALSE
51,Male,2,YouTube,Travel,Australia,Suburban,Human Resources Assistant,31703,TRUE,170770,TRUE,TRUE
51,Male,6,Instagram,Travel,United States,Suburban,Project Manager,102508,FALSE,170501,FALSE,TRUE
51,Male,5,Instagram,Travel,United Kingdom,Suburban,Construction Worker,136702,TRUE,75788,FALSE,TRUE
51,Female,2,YouTube,Beekeeping,United Kingdom,Rural,Radiologic Technologist,51815,FALSE,195627,FALSE,TRUE
51,Female,6,Instagram,Sports,United Kingdom,Suburban,Fashion Designer,87719,FALSE,32534,FALSE,FALSE
51,Female,2,Facebook,Mountain biking,Australia,Rural,Project Manager,97455,FALSE,196344,FALSE,FALSE
51,Male,5,YouTube,Stand-up comedy,Australia,Suburban,Human Resources Assistant,115553,TRUE,181841,TRUE,FALSE
51,Female,4,YouTube,Origami,United States,Suburban,Marketing Specialist,49812,TRUE,94227,FALSE,FALSE
51,Female,3,YouTube,Scuba diving,Japan,Urban,Interior Designer,121924,FALSE,163322,TRUE,FALSE
51,Female,4,Facebook,Fishing,United Kingdom,Urban,Environmental Scientist,140763,FALSE,189340,TRUE,TRUE
51,Non-Binary,6,Facebook,Surfing,Australia,Suburban,Archaeologist,53241,TRUE,65188,FALSE,FALSE
51,Male,5,YouTube,Travel,United Kingdom,Suburban,Respiratory Therapist,28785,TRUE,154573,TRUE,TRUE
51,Male,6,YouTube,Travel,United Kingdom,Urban,Interior Designer,43127,FALSE,109581,FALSE,TRUE
51,Female,4,Facebook,Playing musical instruments,Australia,Suburban,Web Developer,66927,FALSE,88267,TRUE,FALSE
50,Non-Binary,2,Instagram,Pottery,United Kingdom,Rural,Data Analyst,112076,TRUE,133424,FALSE,FALSE
50,Male,2,Facebook,Yoga,Norway,Rural,Data Analyst,33064,TRUE,19233,TRUE,TRUE
50,Female,2,Facebook,Pottery,Australia,Rural,Event Planner,83706,FALSE,126177,FALSE,FALSE
50,Female,2,YouTube,Dancing,United States,Urban,Human Resources Manager,45786,FALSE,81558,FALSE,FALSE
50,Female,2,Facebook,Martial arts,Australia,Rural,Technical Writer,149399,FALSE,179688,FALSE,FALSE
50,Female,3,YouTube,Travel,Australia,Rural,Food Scientist,116369,FALSE,74529,TRUE,TRUE
50,Female,2,Facebook,Dancing,United Kingdom,Rural,Community Health Worker,78470,TRUE,139238,TRUE,TRUE
50,Male,6,YouTube,Travel,Canada,Suburban,Solar Energy Technician,135404,FALSE,161119,TRUE,TRUE
50,Male,5,Instagram,Collecting antiques,Australia,Suburban,Environmental Scientist,126577,FALSE,172909,TRUE,TRUE
50,Non-Binary,6,YouTube,Sports,United States,Suburban,Financial Consultant,139478,TRUE,132219,FALSE,TRUE
50,Male,5,YouTube,Sports,United Kingdom,Rural,Electrician,144441,TRUE,28217,TRUE,TRUE
50,Male,5,Facebook,Sports,Australia,Rural,Construction Worker,60944,TRUE,126939,TRUE,FALSE
50,Non-Binary,2,Facebook,Lifestlye,New Zealand,Suburban,Software Engineer,28745,TRUE,43276,TRUE,FALSE
50,Male,4,Instagram,Lifestlye,Sweden,Urban,Accountant,96101,TRUE,38418,FALSE,FALSE
50,Female,6,Instagram,Lifestlye,United States,Suburban,HR Manager,138056,TRUE,99942,FALSE,FALSE
50,Male,3,Instagram,Sports,United Kingdom,Urban,Librarian,35910,TRUE,93980,FALSE,TRUE
50,Female,2,Instagram,Sports,Bhutan,Rural,IT Technician,31600,TRUE,88372,TRUE,TRUE
50,Male,4,YouTube,Lifestlye,United Kingdom,Urban,Fashion Designer,104071,TRUE,47770,TRUE,FALSE
50,Male,3,YouTube,Sports,United States,Suburban,Environmental Scientist,101430,FALSE,68924,FALSE,TRUE
50,Male,5,Instagram,Lifestlye,United Kingdom,Suburban,Dental Assistant,127351,FALSE,197767,TRUE,FALSE
50,Female,6,Instagram,Lifestlye,United Kingdom,Rural,Fitness Instructor,87436,TRUE,50695,TRUE,FALSE
50,Female,3,Facebook,Sports,Australia,Suburban,Executive Assistant,32605,TRUE,82303,TRUE,FALSE
50,Male,6,Instagram,Travel,United Kingdom,Suburban,Graphic Designer,131757,FALSE,98137,FALSE,TRUE
50,Female,6,YouTube,Origami,United Kingdom,Rural,Pharmacy Technician,42431,TRUE,90102,TRUE,TRUE
50,Male,3,YouTube,Lifestlye,United Kingdom,Urban,Human Resources Assistant,63130,TRUE,135073,FALSE,FALSE
50,Male,2,Instagram,Sports,United Kingdom,Suburban,Childcare Worker,93072,TRUE,131759,TRUE,FALSE
50,Female,3,YouTube,Horseback riding,United States,Rural,Veterinarian,84470,TRUE,102241,FALSE,TRUE
50,Male,2,Instagram,Sports,United States,Rural,Plumber,75900,TRUE,196495,TRUE,TRUE
50,Non-Binary,5,YouTube,Parkour,United States,Rural,Lawyer,111326,TRUE,50748,FALSE,FALSE
50,Male,6,YouTube,Mountain climbing,Australia,Urban,Retail Manager,48279,TRUE,103507,TRUE,TRUE
49,Male,2,Instagram,Sports,Bulgaria,Rural,Social Worker,60845,TRUE,195057,FALSE,TRUE
49,Female,3,Instagram,Sports,Latvia,Suburban,Environmental Scientist,144041,FALSE,119818,FALSE,TRUE
49,Female,3,YouTube,Sports,Malta,Suburban,Police Officer,38782,FALSE,39600,TRUE,TRUE
49,Male,5,Instagram,Travel,United Kingdom,Urban,Criminal Investigator,137826,FALSE,181144,TRUE,FALSE
49,Female,6,Instagram,Sports,United States,Urban,Speech Therapist,126475,FALSE,21150,FALSE,TRUE
49,Male,3,Facebook,Lifestlye,Argentina,Rural,Animal Trainer,42780,TRUE,23127,TRUE,TRUE
49,Male,3,Facebook,Travel,Australia,Suburban,Biochemist,100877,FALSE,92364,FALSE,FALSE
49,Male,2,Instagram,Travel,Australia,Rural,GIS Technician,119195,TRUE,58881,FALSE,TRUE
49,Female,5,Instagram,Travel,United Kingdom,Rural,Certified Nursing Assistant,77252,FALSE,149731,TRUE,FALSE
49,Male,6,YouTube,Cycling,Egypt,Rural,Software Tester,73612,TRUE,136240,TRUE,FALSE
49,Female,3,YouTube,Sports,United States,Rural,Carpenter,87663,TRUE,79172,TRUE,FALSE
49,Male,2,Instagram,Lifestlye,United States,Suburban,Software Developer,89868,TRUE,183563,FALSE,FALSE
49,Male,5,Facebook,Sports,United States,Urban,Aerospace Engineer,96639,FALSE,188594,FALSE,TRUE
49,Male,6,YouTube,Sewing,United States,Urban,Graphic Designer,138347,FALSE,81021,FALSE,TRUE
49,Male,2,YouTube,Lifestlye,United Kingdom,Urban,Electrician,136824,FALSE,47066,FALSE,TRUE
49,Female,3,Instagram,Travel,India,Urban,Social Worker,47386,FALSE,87752,TRUE,TRUE
49,Male,6,YouTube,Sports,United States,Rural,Financial Consultant,140201,TRUE,104026,FALSE,TRUE
49,Male,5,Instagram,Lifestlye,Australia,Urban,Immigration Lawyer,59958,TRUE,66737,TRUE,FALSE
49,Female,5,Facebook,Travel,United Kingdom,Urban,Wildlife Biologist,101881,TRUE,198928,TRUE,TRUE
49,Male,4,YouTube,Lifestlye,United States,Urban,Marketing Manager,141045,TRUE,168271,FALSE,TRUE
49,Male,6,YouTube,Urban gardening,Australia,Rural,Electrician,81788,FALSE,166039,TRUE,TRUE
49,Female,4,Facebook,Sports,United States,Urban,Interior Designer,56763,FALSE,179129,FALSE,FALSE
49,Male,5,Facebook,Ice skating,United Kingdom,Suburban,Psychologist,71678,TRUE,170524,FALSE,TRUE
49,Male,4,YouTube,Salsa dancing,United States,Rural,Investment Banker,32048,FALSE,84398,FALSE,FALSE
49,Female,4,Instagram,Lifestlye,Denmark,Suburban,Mechanical Drafter,87056,TRUE,66610,TRUE,TRUE
48,Female,4,YouTube,Lifestlye,India,Urban,Aerospace Engineer,65633,FALSE,113960,TRUE,TRUE
48,Female,4,Instagram,Lifestlye,Greece,Urban,Music Therapist,146274,FALSE,141006,FALSE,TRUE
48,Male,4,Facebook,Lifestlye,United States,Suburban,Mechanical Engineer,149191,FALSE,81331,FALSE,TRUE
48,Female,5,YouTube,Travel,Australia,Rural,Psychologist,147224,TRUE,131181,TRUE,TRUE
48,Female,4,Instagram,Sports,Malaysia,Urban,Financial Analyst,88311,TRUE,133031,FALSE,TRUE
48,Female,3,Facebook,Home brewing,United States,Suburban,Technical Writer,149836,FALSE,165732,TRUE,FALSE
48,Female,3,YouTube,Sports,United States,Rural,GIS Specialist,92217,TRUE,72947,FALSE,FALSE
48,Male,4,Facebook,Sports,Australia,Urban,Event Planner,82707,TRUE,96837,TRUE,TRUE
48,Non-Binary,3,YouTube,Sports,Australia,Rural,Marketing Manager,149946,FALSE,139128,FALSE,TRUE
48,Non-Binary,2,YouTube,Skydiving,United Kingdom,Urban,Biologist,129876,FALSE,173097,TRUE,TRUE
48,Female,2,Instagram,Travel,Australia,Suburban,Graphic Designer,30707,TRUE,103460,FALSE,TRUE
48,Female,4,YouTube,Meditation,United States,Suburban,Event Planner,129697,TRUE,22166,TRUE,FALSE
48,Male,4,Facebook,Woodworking,Vietnam,Rural,Fitness Instructor,55707,FALSE,171371,TRUE,FALSE
48,Male,6,Instagram,Travel,Australia,Rural,Zoologist,81015,TRUE,110198,TRUE,TRUE
48,Female,4,YouTube,Sports,Thailand,Urban,Electrician,124915,TRUE,106583,TRUE,TRUE
48,Male,2,Instagram,Lifestlye,United Kingdom,Suburban,Doctor,98174,FALSE,118506,FALSE,TRUE
47,Non-Binary,4,Instagram,Gaming,Australia,Rural,Retail Manager,73200,FALSE,102572,FALSE,TRUE
47,Female,4,Facebook,Sports,Slovenia,Rural,Veterinarian,143343,TRUE,116937,FALSE,FALSE
47,Male,4,YouTube,Lifestlye,Australia,Rural,Physical Therapist Assistant,144818,FALSE,77322,FALSE,TRUE
47,Male,5,Instagram,Travel,India,Suburban,Dental Hygienist,118879,TRUE,21773,TRUE,TRUE
47,Male,6,Facebook,Travel,Japan,Urban,Police Officer,99164,FALSE,41706,FALSE,FALSE
47,Non-Binary,2,Instagram,Sports,United Kingdom,Suburban,Librarian,88713,TRUE,47677,TRUE,TRUE
47,Male,4,YouTube,Lifestlye,Australia,Suburban,Customer Service Representative,30008,FALSE,168880,FALSE,TRUE
47,Male,3,Facebook,Home brewing,Australia,Suburban,Electrician,99696,FALSE,25102,TRUE,FALSE
47,Female,2,YouTube,Model building,United States,Rural,Pharmacist,44470,FALSE,150615,TRUE,FALSE
47,Female,5,Facebook,Sports,United Kingdom,Suburban,Software Developer,134497,TRUE,74341,FALSE,TRUE
47,Male,3,Instagram,Sports,Russia,Urban,Musician,107183,TRUE,74284,FALSE,FALSE
47,Male,4,Instagram,Sports,Australia,Rural,Ethical Hacker,97066,TRUE,187286,FALSE,FALSE
47,Female,4,YouTube,Travel,Australia,Rural,Art Director,102503,TRUE,178773,TRUE,FALSE
47,Male,4,YouTube,Traveling,United Kingdom,Urban,Social Worker,89017,FALSE,174531,TRUE,FALSE
47,Female,5,Facebook,Painting,United Kingdom,Suburban,Data Entry Clerk,141322,TRUE,68740,FALSE,TRUE
47,Female,4,Instagram,Mountain biking,Philippines,Suburban,Account Executive,141799,TRUE,140226,TRUE,TRUE
47,Female,6,Facebook,Birdwatching,United Kingdom,Suburban,Customer Service Representative,116623,TRUE,49323,FALSE,TRUE
47,Male,4,Facebook,Travel,South Africa,Suburban,Archivist,50692,TRUE,90744,FALSE,TRUE
47,Male,6,Instagram,Lifestlye,Mexico,Rural,Artist,99740,TRUE,155494,TRUE,TRUE
47,Female,2,Facebook,Travel,Malaysia,Urban,Archaeologist,103250,TRUE,40248,FALSE,TRUE
47,Male,4,YouTube,Travel,Australia,Rural,Pharmacist,43769,TRUE,102223,FALSE,FALSE
46,Non-Binary,4,Facebook,Travel,United Kingdom,Urban,Nurse,43350,TRUE,47803,TRUE,TRUE
46,Male,2,YouTube,Travel,Canada,Urban,Veterinarian Assistant,52988,TRUE,173773,FALSE,TRUE
46,Male,3,Facebook,Sports,United States,Rural,Software Engineer,79397,TRUE,55077,TRUE,TRUE
46,Male,4,YouTube,Lifestlye,Belarus,Suburban,Administrative Assistant,105710,TRUE,84137,TRUE,FALSE
46,Male,2,Instagram,Surfing,Sweden,Rural,Health Educator,92646,FALSE,184374,FALSE,FALSE
46,Male,6,YouTube,Lifestlye,Australia,Rural,Police Officer,133287,TRUE,114939,FALSE,TRUE
46,Male,5,YouTube,Sports,Australia,Rural,Web Developer,53740,TRUE,47517,FALSE,TRUE
46,Female,5,Instagram,Sports,United States,Urban,Pharmacist,138209,TRUE,148345,FALSE,FALSE
46,Male,4,YouTube,Travel,United Kingdom,Urban,Biomedical Engineer,72983,TRUE,126873,TRUE,FALSE
46,Male,5,YouTube,Travel,Australia,Urban,Paramedic,117353,TRUE,79294,FALSE,TRUE
46,Male,5,Facebook,Sports,United States,Urban,Psychologist,122549,TRUE,99019,FALSE,TRUE
46,Female,3,Facebook,Baking,United Kingdom,Rural,Biotechnologist,113445,TRUE,105880,FALSE,TRUE
46,Male,5,YouTube,Parkour,United Kingdom,Urban,Pharmaceutical Sales Representative,55223,FALSE,197345,FALSE,FALSE
46,Female,6,Instagram,Travel,Australia,Urban,Financial Controller,146517,TRUE,137148,FALSE,TRUE
46,Male,6,YouTube,Sports,United Kingdom,Rural,Human Resources Assistant,63147,FALSE,153551,FALSE,TRUE
46,Female,2,Facebook,Lifestlye,United Kingdom,Suburban,Police Officer,79276,FALSE,171791,TRUE,FALSE
46,Female,6,Facebook,Sports,Australia,Suburban,Office Manager,29899,FALSE,146469,TRUE,FALSE
46,Male,5,Facebook,Salsa dancing,India,Rural,Administrative Assistant,111523,FALSE,140641,TRUE,FALSE
46,Male,4,Instagram,Sports,United States,Rural,Advertising Manager,99127,TRUE,53702,TRUE,FALSE
45,Non-Binary,5,Facebook,Lifestlye,Japan,Rural,Veterinarian,31989,TRUE,60307,FALSE,TRUE
45,Non-Binary,2,YouTube,Lifestlye,Germany,Rural,Real Estate Agent,65440,TRUE,154954,TRUE,FALSE
45,Male,5,Instagram,Playing musical instruments,United States,Rural,Journalist,114827,FALSE,56754,FALSE,FALSE
45,Female,2,YouTube,Travel,Monaco,Rural,Mechanical Engineer,132792,FALSE,195727,TRUE,TRUE
45,Male,2,Instagram,Lifestlye,United States,Suburban,Fashion Stylist,62218,TRUE,155543,FALSE,FALSE
45,Female,6,YouTube,Travel,United Kingdom,Urban,Financial Consultant,94589,TRUE,185100,TRUE,TRUE
45,Female,5,Instagram,Cycling,United States,Suburban,Dental Assistant,123102,TRUE,91035,FALSE,TRUE
45,Female,2,Facebook,Travel,United States,Rural,Veterinary Assistant,135363,TRUE,41877,TRUE,TRUE
45,Female,6,Facebook,Lifestlye,Japan,Rural,Sustainability Consultant,93888,TRUE,126832,TRUE,TRUE
45,Non-Binary,2,Instagram,Sports,Switzerland,Urban,Nurse,134451,FALSE,146430,TRUE,TRUE
45,Non-Binary,6,YouTube,Sports,United States,Rural,Doctor,136219,TRUE,32792,TRUE,TRUE
45,Female,2,Instagram,Sports,United Kingdom,Rural,Software Tester,57930,FALSE,197017,FALSE,TRUE
45,Male,2,Instagram,Beekeeping,United Kingdom,Rural,HR Manager,51617,FALSE,56868,FALSE,TRUE
45,Female,3,YouTube,Lifestlye,United States,Suburban,Electrician,42188,TRUE,174463,TRUE,FALSE
45,Male,4,Facebook,Sports,United Kingdom,Rural,Fashion Stylist,106416,TRUE,167116,FALSE,FALSE
45,Male,3,Facebook,Sports,United States,Urban,Solar Energy Technician,85441,FALSE,77954,TRUE,FALSE
45,Male,4,Instagram,Sports,United States,Urban,Mechanical Engineer,65996,TRUE,42540,FALSE,TRUE
45,Male,6,YouTube,Lifestlye,United States,Rural,HR Manager,95205,FALSE,166555,TRUE,TRUE
45,Non-Binary,4,Instagram,Lifestlye,United Kingdom,Rural,Teacher,112969,TRUE,164026,FALSE,FALSE
45,Male,6,Facebook,DIY electronics,United States,Rural,Account Manager,63606,TRUE,192445,TRUE,FALSE
45,Male,4,YouTube,Genealogy research,Australia,Suburban,Security Guard,48682,FALSE,116209,FALSE,TRUE
45,Female,6,Instagram,Model building,Australia,Suburban,Graphic Artist,36057,TRUE,117548,FALSE,TRUE
45,Male,4,Instagram,Photography,United Kingdom,Urban,Lawyer,41010,TRUE,113301,TRUE,FALSE
45,Male,4,YouTube,Cooking Japanese cuisine,United Kingdom,Urban,Photographer,102468,TRUE,89537,TRUE,TRUE
45,Female,5,Facebook,Sports,Australia,Suburban,Nurse,105761,FALSE,91416,TRUE,FALSE
45,Male,6,Instagram,Ballet,Australia,Urban,Electrician,91241,TRUE,195702,TRUE,TRUE
45,Female,4,Instagram,Lifestlye,Australia,Rural,Interior Decorator,135018,FALSE,181833,TRUE,TRUE
45,Male,4,YouTube,Travel,United Kingdom,Rural,Investment Analyst,101595,FALSE,43516,FALSE,TRUE
45,Male,3,Instagram,Cooking,Australia,Urban,Purchasing Manager,43099,TRUE,56752,TRUE,FALSE
45,Female,2,Instagram,Photography,Singapore,Rural,Financial Analyst,122386,FALSE,143566,TRUE,TRUE
44,Non-Binary,3,YouTube,Sports,South Africa,Suburban,Journalist,115888,FALSE,147503,FALSE,TRUE
44,Female,5,Instagram,Travel,United Kingdom,Suburban,Paramedic,26176,FALSE,96413,FALSE,FALSE
44,Male,2,YouTube,Lifestlye,Poland,Suburban,Software Tester,29653,FALSE,182796,TRUE,TRUE
44,Female,3,YouTube,Film-making,United States,Suburban,Fashion Merchandiser,69887,TRUE,77813,TRUE,TRUE
44,Female,3,YouTube,Scuba diving,United Kingdom,Urban,Biotechnologist,92743,TRUE,42470,TRUE,TRUE
44,Non-Binary,6,YouTube,Travel,Nigeria,Rural,HR Manager,60393,FALSE,195140,TRUE,FALSE
44,Male,5,YouTube,Travel,Turkey,Urban,Data Analyst,124853,TRUE,146589,TRUE,FALSE
44,Female,2,Facebook,Travel,United States,Urban,Security Guard,127603,TRUE,80997,FALSE,TRUE
44,Male,6,Facebook,Lifestlye,United States,Urban,Marine Biologist,48270,TRUE,147777,TRUE,TRUE
44,Female,6,Instagram,Travel,United States,Rural,Administrative Assistant,84150,FALSE,119032,FALSE,TRUE
44,Male,4,Facebook,Travel,Australia,Urban,Construction Worker,113801,FALSE,66669,TRUE,TRUE
44,Male,2,Instagram,Stand-up comedy,United States,Urban,Social Media Manager,72513,FALSE,174877,FALSE,FALSE
44,Female,6,Facebook,Lifestlye,United Kingdom,Rural,Legal Assistant,47300,FALSE,77446,FALSE,TRUE
44,Male,4,Facebook,Archery,Russia,Urban,Data Entry Clerk,49842,TRUE,27284,FALSE,FALSE
44,Female,5,Facebook,Lifestlye,United States,Suburban,Biotechnologist,45820,TRUE,127192,FALSE,FALSE
44,Male,5,YouTube,Lifestlye,United Kingdom,Rural,Sound Engineer,102815,TRUE,43044,TRUE,FALSE
43,Non-Binary,4,Instagram,Sports,South Africa,Suburban,Lawyer,81368,TRUE,101031,TRUE,FALSE
43,Female,5,Facebook,Lifestlye,Argentina,Urban,Physical Therapist,145245,FALSE,136634,FALSE,FALSE
43,Male,5,Facebook,Sports,Australia,Rural,Financial Analyst,75280,FALSE,195728,FALSE,TRUE
43,Female,6,YouTube,Travel,Denmark,Urban,Event Planner,86255,FALSE,138059,TRUE,FALSE
43,Female,6,YouTube,Travel,Croatia,Suburban,Interior Designer,125212,TRUE,104605,TRUE,TRUE
43,Female,6,YouTube,Sports,United Kingdom,Rural,Patent Attorney,37919,TRUE,142979,FALSE,TRUE
43,Male,4,Facebook,Lifestlye,Switzerland,Urban,Multimedia Artist,83085,TRUE,62250,TRUE,TRUE
43,Female,6,Facebook,Lifestlye,United Kingdom,Suburban,Ethnobotanist,30145,TRUE,108409,FALSE,FALSE
43,Female,6,YouTube,Lifestlye,United Kingdom,Rural,Customer Support Specialist,51656,FALSE,46094,TRUE,FALSE
43,Female,4,Instagram,Lifestlye,United States,Suburban,Pharmacy Technician,97572,TRUE,177642,TRUE,FALSE
43,Female,6,Instagram,Beekeeping,Australia,Urban,Data Analyst,102869,FALSE,156684,TRUE,FALSE
43,Female,5,Instagram,Travel,United Kingdom,Urban,Biologist,86263,TRUE,199985,TRUE,FALSE
43,Female,4,Facebook,Sports,Australia,Rural,Data Entry Clerk,141757,FALSE,179179,FALSE,FALSE
43,Male,4,Facebook,Travel,United States,Urban,Interior Designer,25116,FALSE,138708,FALSE,TRUE
43,Male,4,Instagram,Lifestlye,Australia,Urban,Paramedic,43638,FALSE,81118,TRUE,FALSE
43,Male,4,YouTube,Geocaching,United Kingdom,Suburban,Speech Therapist,30963,TRUE,58141,TRUE,TRUE
43,Female,6,Facebook,Origami,United States,Urban,Business Analyst,99183,FALSE,66487,FALSE,FALSE
43,Male,5,YouTube,Beekeeping,United Kingdom,Urban,Surveyor,70841,FALSE,150933,FALSE,FALSE
43,Non-Binary,5,Instagram,Sports,Australia,Rural,Administrative Assistant,146390,TRUE,79971,FALSE,TRUE
43,Female,6,Facebook,Ballet,Australia,Urban,Welder,67806,TRUE,121899,TRUE,TRUE
43,Male,4,Instagram,Lifestlye,Australia,Urban,Data Entry Clerk,117644,TRUE,145922,FALSE,TRUE
43,Female,6,YouTube,Beekeeping,United Kingdom,Urban,Software Tester,122736,TRUE,100771,FALSE,FALSE
43,Female,4,Facebook,Sports,United States,Suburban,Court Reporter,48574,FALSE,112060,TRUE,TRUE
43,Male,5,Instagram,Travel,Australia,Suburban,Veterinary Assistant,144096,FALSE,57730,FALSE,FALSE
43,Male,4,YouTube,Travel,Indonesia,Suburban,Food Scientist,58331,TRUE,105526,TRUE,TRUE
43,Male,4,Instagram,Sports,United States,Suburban,Optometrist,105244,TRUE,139801,TRUE,FALSE
43,Non-Binary,5,Facebook,Travel,Brazil,Rural,Freelance Writer,60578,TRUE,165918,FALSE,FALSE
43,Male,5,Instagram,Travel,United States,Urban,Aircraft Mechanic,147839,FALSE,69228,FALSE,TRUE
43,Male,5,Instagram,Sports,United States,Rural,Emergency Dispatcher,39298,TRUE,103292,FALSE,TRUE
43,Male,6,Facebook,Skydiving,United States,Rural,Customer Service Representative,106206,TRUE,56313,FALSE,TRUE
43,Male,6,Instagram,Sports,United Kingdom,Urban,Carpenter,41705,TRUE,68612,TRUE,TRUE
43,Non-Binary,6,Facebook,Archery,Austria,Suburban,Teacher,108819,TRUE,25978,FALSE,FALSE
43,Male,4,Instagram,Skydiving,Czech Republic,Suburban,Customer Service Representative,92013,TRUE,50328,FALSE,FALSE
42,Male,4,YouTube,Travel,Argentina,Urban,Dentist,85557,TRUE,123620,FALSE,TRUE
42,Non-Binary,6,YouTube,Travel,Australia,Suburban,Welder,120107,FALSE,193448,FALSE,TRUE
42,Female,6,Facebook,Lifestlye,United Kingdom,Urban,Mechanical Engineer,32414,FALSE,105066,TRUE,FALSE
42,Female,4,Instagram,Lifestlye,Australia,Urban,Graphic Designer,109856,TRUE,52066,FALSE,FALSE
42,Female,6,Facebook,Sculpting,Australia,Urban,Fitness Instructor,101328,FALSE,174519,TRUE,FALSE
42,Female,5,Instagram,Lifestlye,Portugal,Suburban,Mechanical Designer,126842,FALSE,65434,TRUE,FALSE
42,Non-Binary,6,YouTube,Travel,United Kingdom,Suburban,Administrative Assistant,70979,TRUE,150285,TRUE,FALSE
42,Non-Binary,4,Facebook,Lifestlye,Australia,Suburban,Social Worker,140744,TRUE,57690,FALSE,FALSE
42,Female,4,YouTube,Lifestlye,United Kingdom,Suburban,Architect,70915,FALSE,101806,TRUE,TRUE
42,Male,6,YouTube,Travel,United Kingdom,Rural,Civil Engineer,138856,TRUE,142690,TRUE,TRUE
42,Male,4,YouTube,Travel,United States,Urban,Account Executive,120077,TRUE,93484,FALSE,TRUE
42,Female,4,Facebook,Lifestlye,United Kingdom,Urban,Event Planner,111960,FALSE,110601,TRUE,FALSE
42,Male,4,Instagram,Lifestlye,Australia,Urban,Animal Trainer,57273,FALSE,103707,FALSE,TRUE
42,Female,5,Facebook,Lifestlye,United States,Suburban,Event Manager,67024,TRUE,193751,TRUE,TRUE
42,Male,4,Facebook,Lifestlye,Australia,Suburban,Network Engineer,29932,FALSE,28294,FALSE,TRUE
42,Male,5,Facebook,Sports,United Kingdom,Suburban,Emergency Dispatcher,107853,FALSE,192233,FALSE,FALSE
42,Male,5,Instagram,Travel,United Kingdom,Rural,Graphic Designer,84160,FALSE,144243,TRUE,FALSE
42,Male,4,YouTube,Lifestlye,Australia,Rural,Accountant,28400,FALSE,70895,FALSE,TRUE
42,Male,6,Facebook,Sports,United States,Urban,Veterinarian Assistant,64124,TRUE,183977,TRUE,FALSE
42,Female,5,Facebook,Lifestlye,Australia,Urban,Environmental Scientist,57787,TRUE,38356,TRUE,TRUE
42,Female,4,YouTube,Stand-up comedy,Netherlands,Rural,Veterinary Technician,131942,FALSE,74941,TRUE,TRUE
42,Male,6,YouTube,Pottery,Australia,Suburban,Arbitrator,40673,TRUE,179890,TRUE,TRUE
42,Female,6,Instagram,Sports,United States,Urban,Dental Hygienist,121785,FALSE,74084,FALSE,FALSE
42,Female,6,Instagram,Travel,Australia,Suburban,Industrial Designer,94585,TRUE,117402,FALSE,TRUE
41,Non-Binary,6,Facebook,Hiking,Brazil,Suburban,Customer Service Representative,68242,FALSE,96316,FALSE,FALSE
41,Non-Binary,5,YouTube,Reading,India,Rural,Financial Analyst,102043,TRUE,154571,TRUE,FALSE
41,Non-Binary,6,Facebook,Writing,United States,Suburban,Police Officer,35430,FALSE,72294,FALSE,FALSE
41,Female,6,Instagram,Sports,United Kingdom,Urban,Fashion Designer,66289,FALSE,22134,TRUE,FALSE
41,Male,4,Facebook,Travel,United Kingdom,Rural,Chef,88490,FALSE,111777,TRUE,FALSE
41,Male,4,Instagram,Travel,Brazil,Rural,Police Officer,32612,TRUE,137773,TRUE,TRUE
41,Female,5,Instagram,Knitting,United States,Urban,Software Developer,74866,FALSE,31022,FALSE,FALSE
41,Male,5,YouTube,Sports,United States,Rural,Content Creator,112776,FALSE,21913,TRUE,TRUE
41,Female,6,YouTube,Lifestlye,United States,Suburban,Urban Planner,87945,TRUE,89991,TRUE,TRUE
41,Male,5,Instagram,Sports,United Kingdom,Urban,Financial Aid Counselor,94801,FALSE,118970,TRUE,FALSE
41,Female,4,Facebook,Rock climbing,United States,Suburban,Data Entry Clerk,138750,FALSE,21840,TRUE,TRUE
41,Female,6,YouTube,Woodworking,Australia,Rural,Musician,62200,TRUE,26040,TRUE,TRUE
41,Male,5,Facebook,Sports,Australia,Suburban,Police Officer,55056,TRUE,77032,TRUE,FALSE
41,Female,4,Instagram,Sports,Australia,Rural,Chef,45118,FALSE,67808,FALSE,TRUE
41,Male,4,Facebook,Lifestlye,South Africa,Urban,Photographer,35603,FALSE,58934,FALSE,TRUE
41,Female,4,Facebook,Sports,Indonesia,Urban,HR Manager,138878,FALSE,112885,FALSE,FALSE
41,Male,5,YouTube,Lifestlye,United Kingdom,Rural,Wedding Planner,108743,TRUE,76550,TRUE,FALSE
41,Female,5,Instagram,Sports,United Kingdom,Rural,Patent Attorney,59608,TRUE,52135,TRUE,TRUE
41,Female,4,YouTube,Travel,United States,Suburban,Museum Curator,114273,TRUE,88997,TRUE,TRUE
41,Female,6,Facebook,Singing,United Kingdom,Rural,Marketing Coordinator,129583,TRUE,21931,TRUE,FALSE
41,Female,5,YouTube,Rock climbing,Australia,Rural,Marketing Manager,47221,TRUE,92400,TRUE,FALSE
41,Male,5,Facebook,Wine tasting,United Kingdom,Rural,Artist,94168,FALSE,107237,FALSE,TRUE
41,Non-Binary,6,Facebook,Lifestlye,Australia,Suburban,Community Health Worker,102625,TRUE,42206,TRUE,TRUE
41,Non-Binary,6,YouTube,Lifestlye,Indonesia,Urban,Fashion Stylist,88530,FALSE,59950,FALSE,FALSE
41,Male,4,Facebook,Sports,Indonesia,Rural,Marketing Manager,145947,TRUE,89543,FALSE,FALSE
40,Non-Binary,6,YouTube,Lifestlye,Mexico,Suburban,Sales Representative,88726,FALSE,161868,FALSE,TRUE
40,Female,4,YouTube,Sports,United Kingdom,Suburban,Social Worker,25438,FALSE,87036,FALSE,FALSE
40,Male,5,Facebook,Hiking,United States,Rural,Chef,29857,FALSE,41330,FALSE,TRUE
40,Male,4,Facebook,Travel,Bosnia and Herzegovina,Urban,Doctor,121441,FALSE,87996,TRUE,TRUE
40,Male,5,Instagram,Lifestlye,France,Rural,Financial Controller,146192,FALSE,61755,TRUE,TRUE
40,Female,4,YouTube,Sports,Spain,Urban,Emergency Dispatcher,136506,TRUE,47216,TRUE,TRUE
40,Male,4,YouTube,Travel,Australia,Suburban,Biologist,66141,FALSE,194916,TRUE,TRUE
40,Female,4,Facebook,Lifestlye,United Kingdom,Urban,Account Manager,77448,TRUE,117474,TRUE,TRUE
40,Female,5,Facebook,Travel,Australia,Rural,Art Director,98985,TRUE,115548,FALSE,FALSE
40,Female,6,Facebook,Travel,United Kingdom,Urban,Interior Designer,97981,TRUE,80303,FALSE,TRUE
40,Female,4,YouTube,Sports,United Kingdom,Rural,Librarian,60877,TRUE,19251,FALSE,TRUE
40,Male,6,Instagram,Lifestlye,South Africa,Rural,Marketing Manager,148749,TRUE,38051,TRUE,FALSE
40,Male,5,YouTube,Interior decorating,United Kingdom,Urban,Interior Decorator,89709,TRUE,60509,FALSE,TRUE
40,Male,5,YouTube,Lifestlye,Australia,Urban,Financial Aid Counselor,146604,TRUE,25868,TRUE,TRUE
40,Male,6,Facebook,Travel,United Kingdom,Rural,Public Relations Specialist,54288,FALSE,188141,TRUE,TRUE
40,Male,6,Facebook,Sports,United States,Urban,Database Administrator,58320,FALSE,157657,FALSE,TRUE
40,Female,5,Instagram,Travel,United States,Urban,Software Tester,66887,FALSE,106054,FALSE,TRUE
40,Male,6,Facebook,Cross-stitching,United Kingdom,Suburban,Architect,109644,TRUE,58274,FALSE,TRUE
40,Female,4,Instagram,Woodworking,United Kingdom,Rural,Sales Representative,52815,TRUE,46633,FALSE,FALSE
40,Male,4,Instagram,Cross-stitching,United States,Rural,Veterinarian,106526,FALSE,74423,TRUE,FALSE
40,Male,4,Facebook,Photography,Australia,Urban,IT Consultant,34712,TRUE,72071,FALSE,TRUE
40,Non-Binary,4,Instagram,Lifestlye,Australia,Rural,Public Relations Specialist,51420,FALSE,72799,FALSE,TRUE
40,Female,5,Facebook,Parkour,Brunei,Urban,Occupational Health and Safety Specialist,104323,FALSE,34785,TRUE,FALSE
40,Male,4,YouTube,Meditation,United Kingdom,Rural,Data Analyst,149878,TRUE,132040,FALSE,FALSE
39,Male,4,Instagram,Traveling,Argentina,Suburban,Plumber,40181,TRUE,126922,TRUE,FALSE
39,Non-Binary,5,Instagram,Lifestlye,Canada,Urban,Biologist,91325,TRUE,146222,FALSE,FALSE
39,Male,6,Instagram,Lifestlye,Australia,Rural,Interior Designer,38443,FALSE,167355,TRUE,TRUE
39,Male,4,Instagram,Lifestlye,Iceland,Rural,Retail Manager,140310,TRUE,18672,TRUE,FALSE
39,Female,4,Instagram,Cycling,United States,Rural,Investment Analyst,109278,FALSE,42406,FALSE,TRUE
39,Male,5,YouTube,Travel,China,Urban,Administrative Assistant,141075,TRUE,134332,FALSE,TRUE
39,Male,5,YouTube,Travel,Russia,Suburban,Plumber,81930,FALSE,91255,TRUE,FALSE
39,Male,4,Facebook,Travel,United Kingdom,Suburban,Marketing Coordinator,122031,TRUE,168248,TRUE,FALSE
39,Female,4,YouTube,Sports,United Kingdom,Urban,Paramedic,69379,FALSE,157417,TRUE,TRUE
39,Female,5,Facebook,Lifestlye,United States,Rural,Social Worker,103733,FALSE,177532,TRUE,TRUE
39,Male,6,Facebook,Lifestlye,United Kingdom,Urban,Data Entry Clerk,55312,FALSE,86412,TRUE,FALSE
39,Female,4,Facebook,Lifestlye,Australia,Suburban,Interior Designer,124317,FALSE,173353,TRUE,TRUE
39,Female,5,Instagram,Travel,United Kingdom,Rural,Veterinarian,149332,TRUE,68160,FALSE,TRUE
39,Female,6,YouTube,Sports,United Kingdom,Urban,Environmental Engineer,141704,TRUE,144778,FALSE,TRUE
39,Male,6,YouTube,Travel,Australia,Suburban,Zoologist,44702,TRUE,142618,TRUE,FALSE
39,Male,4,Instagram,Travel,United States,Suburban,Musician,33573,TRUE,170463,FALSE,TRUE
39,Female,5,YouTube,Lifestlye,Philippines,Rural,Speech Therapist,98156,TRUE,194709,TRUE,TRUE
39,Non-Binary,5,Facebook,Lifestlye,Russia,Urban,Cybersecurity Analyst,31758,FALSE,179234,FALSE,FALSE
39,Non-Binary,5,Instagram,Sports,Australia,Suburban,Wildlife Biologist,38433,TRUE,56220,FALSE,FALSE
39,Female,5,Facebook,Mountain biking,Australia,Rural,Mechanical Designer,138729,TRUE,108091,TRUE,TRUE
39,Female,6,Instagram,Travel,Australia,Urban,Aerospace Engineer,114772,FALSE,155669,TRUE,FALSE
39,Female,5,Instagram,Lifestlye,Russia,Rural,Social Worker,106044,TRUE,158494,TRUE,FALSE
38,Non-Binary,6,Facebook,Travel,United States,Urban,Electrician,32224,TRUE,105808,TRUE,TRUE
38,Male,4,YouTube,Fishing,Brazil,Suburban,HR Manager,44246,TRUE,121979,TRUE,TRUE
38,Non-Binary,4,Instagram,Sports,Australia,Suburban,Marketing Coordinator,77199,TRUE,40556,TRUE,TRUE
38,Female,5,Facebook,Sports,United Kingdom,Urban,Environmental Scientist,98726,FALSE,60020,TRUE,FALSE
38,Male,4,Facebook,Lifestlye,United Kingdom,Suburban,Chef,36983,FALSE,46050,TRUE,FALSE
38,Non-Binary,5,Instagram,Lifestlye,Thailand,Suburban,Biologist,72920,TRUE,97916,TRUE,TRUE
38,Male,6,YouTube,Sports,United States,Rural,Data Analyst,109750,TRUE,46724,FALSE,FALSE
38,Female,6,YouTube,Sports,Japan,Suburban,Account Executive,115437,TRUE,35045,FALSE,TRUE
38,Female,6,Facebook,Travel,United States,Suburban,Food Scientist,81412,FALSE,81590,FALSE,TRUE
38,Female,6,Instagram,Sports,Australia,Rural,Music Therapist,112651,FALSE,65029,FALSE,TRUE
38,Male,4,Instagram,Sports,Australia,Rural,Web Developer,77207,FALSE,64787,FALSE,TRUE
38,Non-Binary,4,YouTube,Lifestlye,United Kingdom,Rural,Financial Analyst,47457,FALSE,42502,TRUE,TRUE
38,Male,6,Facebook,Sports,Australia,Urban,Social Worker,39699,FALSE,81341,FALSE,TRUE
38,Female,4,YouTube,Travel,Australia,Suburban,Chef,121620,TRUE,106494,FALSE,FALSE
38,Male,4,YouTube,Skydiving,United States,Urban,Artist,89044,TRUE,144417,FALSE,FALSE
38,Male,5,Instagram,Surfing,United States,Urban,Electrician,42023,TRUE,86053,FALSE,TRUE
38,Male,6,Instagram,Lifestlye,Brazil,Suburban,GIS Analyst,72816,FALSE,102880,TRUE,FALSE
38,Male,4,YouTube,Lifestlye,United Kingdom,Suburban,Urban Planner,63811,TRUE,100432,TRUE,TRUE
38,Male,6,YouTube,Lifestlye,United Kingdom,Suburban,Police Officer,103233,FALSE,40971,TRUE,FALSE
37,Male,4,YouTube,Lifestlye,India,Rural,Personal Trainer,149940,TRUE,161183,FALSE,TRUE
37,Female,4,YouTube,Travel,Australia,Suburban,Wedding Planner,130985,FALSE,61752,FALSE,TRUE
37,Female,4,Facebook,Sports,Greece,Rural,Environmental Engineer,116566,TRUE,27959,FALSE,FALSE
37,Male,6,YouTube,Travel,Portugal,Rural,Technical Illustrator,73320,FALSE,159844,TRUE,TRUE
37,Male,4,Facebook,Surfing,Australia,Rural,Social Worker,109193,TRUE,173174,TRUE,TRUE
37,Non-Binary,6,YouTube,Travel,Australia,Urban,Construction Worker,88080,FALSE,145255,TRUE,FALSE
37,Non-Binary,6,Facebook,Sports,United States,Suburban,Sales Representative,69623,FALSE,161750,FALSE,TRUE
37,Male,6,Facebook,Sports,Malaysia,Rural,Automotive Mechanic,32541,TRUE,150500,FALSE,TRUE
37,Female,5,YouTube,Sports,Australia,Urban,Aerospace Engineer,119307,FALSE,66156,TRUE,TRUE
37,Female,4,Facebook,Sports,United States,Rural,Health Educator,38201,TRUE,47941,FALSE,FALSE
37,Non-Binary,4,Facebook,Lifestlye,United States,Rural,Artist,134246,TRUE,194609,TRUE,FALSE
37,Non-Binary,6,Instagram,Travel,Australia,Suburban,Retail Manager,67151,TRUE,76225,TRUE,FALSE
37,Male,6,Instagram,Historical reenactment,United States,Suburban,Retail Sales Associate,75268,TRUE,153719,FALSE,TRUE
37,Non-Binary,5,Facebook,Creative writing,Indonesia,Suburban,Mechanical Engineer,25296,FALSE,68575,TRUE,TRUE
37,Male,4,Instagram,Travel,Australia,Suburban,Forensic Accountant,76246,TRUE,41953,TRUE,TRUE
37,Male,5,Facebook,Archery,France,Suburban,Construction Worker,106038,FALSE,28931,FALSE,TRUE
37,Male,4,Facebook,Reading,United States,Rural,Electrician,92650,TRUE,83167,FALSE,TRUE
37,Male,5,Facebook,Wine tasting,Denmark,Urban,Chef,96306,TRUE,190030,FALSE,FALSE
36,Male,5,Instagram,Sports,Japan,Urban,Chef,145554,TRUE,64707,FALSE,TRUE
36,Female,6,Instagram,Lifestlye,United Kingdom,Rural,Cybersecurity Analyst,96598,TRUE,79673,FALSE,TRUE
36,Female,4,Facebook,Sports,Turkey,Suburban,Occupational Health and Safety Specialist,28735,TRUE,26229,FALSE,TRUE
36,Female,6,YouTube,Lifestlye,Thailand,Urban,Genetics Counselor,148674,FALSE,137832,TRUE,TRUE
36,Male,6,Instagram,DIY Projects,United States,Suburban,Interior Designer,123747,FALSE,134170,TRUE,FALSE
36,Non-Binary,4,Instagram,Lifestlye,Egypt,Rural,Electrician,46548,FALSE,113567,TRUE,TRUE
36,Female,6,YouTube,Parkour,Australia,Suburban,Retail Manager,106319,FALSE,120506,FALSE,TRUE
36,Female,6,Instagram,Learning languages,United Kingdom,Rural,Artist,33780,FALSE,126244,TRUE,FALSE
36,Male,6,YouTube,Sports,Indonesia,Urban,Plumber,125725,FALSE,84248,TRUE,TRUE
36,Female,4,YouTube,Sports,United States,Suburban,Occupational Health and Safety Specialist,147359,TRUE,21455,TRUE,FALSE
36,Female,6,YouTube,Travel,Australia,Rural,Technical Illustrator,66313,FALSE,186321,FALSE,FALSE
36,Male,4,Instagram,Lifestlye,United Kingdom,Rural,Purchasing Manager,118447,TRUE,26323,TRUE,FALSE
36,Female,4,YouTube,Sports,Australia,Suburban,Mechanical Engineer,131985,TRUE,26890,TRUE,FALSE
36,Male,5,Instagram,Sports,Australia,Rural,Doctor,141666,FALSE,184428,FALSE,TRUE
36,Male,5,YouTube,Travel,United States,Suburban,Plumber,52161,TRUE,95176,TRUE,FALSE
36,Male,6,YouTube,Sports,United States,Rural,Pharmacist,43273,FALSE,43350,TRUE,FALSE
36,Female,4,Instagram,Birdwatching,United States,Urban,Retail Manager,62782,FALSE,81119,TRUE,FALSE
36,Male,5,YouTube,Lifestlye,United States,Urban,Technical Writer,73229,TRUE,57194,FALSE,FALSE
36,Female,5,YouTube,Parkour,United Kingdom,Suburban,Environmental Scientist,53481,FALSE,173786,TRUE,TRUE
36,Non-Binary,6,Instagram,Woodworking,Australia,Suburban,Graphic Designer,121711,TRUE,93809,TRUE,TRUE
35,Non-Binary,6,Instagram,Lifestlye,Japan,Urban,Security Guard,72751,TRUE,124045,TRUE,FALSE
35,Male,5,YouTube,Travel,Germany,Rural,Network Administrator,111245,FALSE,129344,FALSE,TRUE
35,Male,5,Facebook,Sports,United States,Suburban,Electrician,93342,TRUE,106918,TRUE,FALSE
35,Male,4,Instagram,Travel,Brazil,Urban,Purchasing Manager,59493,FALSE,119803,FALSE,TRUE
35,Male,5,Facebook,Travel,United States,Suburban,Pharmacist,33781,FALSE,149661,FALSE,TRUE
35,Male,4,YouTube,Sports,United States,Rural,Mechanical Engineer,81335,TRUE,56749,TRUE,FALSE
35,Male,6,Instagram,Travel,Australia,Rural,Journalist,111717,FALSE,172181,FALSE,TRUE
35,Male,4,Facebook,Sports,United Kingdom,Rural,Technical Support Specialist,119157,TRUE,138890,TRUE,TRUE
35,Female,4,YouTube,Sports,Australia,Suburban,Interior Designer,49566,FALSE,92989,FALSE,TRUE
35,Non-Binary,6,Instagram,Travel,Australia,Rural,Mechanical Engineer,91277,FALSE,104658,FALSE,FALSE
35,Female,6,Instagram,Travel,United Kingdom,Rural,Archaeologist,53501,TRUE,134809,TRUE,TRUE
35,Female,6,Instagram,Travel,Australia,Suburban,Aerospace Engineer,111915,FALSE,195360,FALSE,FALSE
35,Male,5,Instagram,Volunteer work,United Kingdom,Urban,Paramedic,120634,TRUE,119854,TRUE,FALSE
35,Male,4,YouTube,Travel,Czech Republic,Urban,Content Creator,58875,TRUE,140327,TRUE,FALSE
35,Female,4,Instagram,Skydiving,United States,Urban,Certified Nursing Assistant,32777,FALSE,90083,TRUE,FALSE
35,Male,4,Facebook,Travel,Australia,Suburban,Software Developer,84832,FALSE,78212,FALSE,FALSE
34,Male,5,Instagram,Travel,United States,Rural,Office Manager,56777,TRUE,145874,FALSE,FALSE
34,Male,4,Facebook,Sports,India,Urban,Retail Manager,66257,FALSE,117033,TRUE,FALSE
34,Female,5,Facebook,Lifestlye,Canada,Urban,Forester,105895,TRUE,191480,TRUE,FALSE
34,Female,4,YouTube,Travel,United Kingdom,Rural,Immigration Lawyer,52032,TRUE,89552,FALSE,TRUE
34,Non-Binary,6,Instagram,Travel,Italy,Rural,Web Developer,60034,TRUE,41939,TRUE,TRUE
34,Male,4,Facebook,Travel,United Kingdom,Rural,Sales Representative,147210,TRUE,170794,TRUE,FALSE
34,Male,5,Instagram,Lifestlye,United States,Rural,Graphic Artist,134862,FALSE,56370,TRUE,FALSE
34,Male,6,Instagram,Origami,United States,Suburban,Mechanical Engineer,141754,TRUE,71892,TRUE,TRUE
34,Male,4,Facebook,Beekeeping,United Kingdom,Urban,Criminal Investigator,77171,FALSE,141084,FALSE,TRUE
34,Female,6,YouTube,Travel,United States,Suburban,Aircraft Mechanic,100587,FALSE,61239,TRUE,TRUE
34,Male,5,YouTube,Lifestlye,United Kingdom,Urban,Musician,79657,FALSE,73141,TRUE,TRUE
34,Male,5,YouTube,Lifestlye,United Kingdom,Urban,Fashion Stylist,78021,TRUE,37495,FALSE,FALSE
34,Female,6,Facebook,Birdwatching,United States,Suburban,Biomedical Engineer,137768,FALSE,162773,FALSE,FALSE
34,Female,5,YouTube,Lifestlye,Australia,Urban,Teacher,74078,FALSE,41494,TRUE,FALSE
34,Male,4,Facebook,Surfing,Australia,Urban,Mechanical Engineer,134414,FALSE,108558,FALSE,FALSE
34,Female,4,Instagram,Collecting antiques,United Kingdom,Rural,Environmental Scientist,50641,TRUE,103619,FALSE,TRUE
34,Male,5,Facebook,Stand-up comedy,Australia,Rural,Construction Worker,72935,TRUE,46145,FALSE,TRUE
34,Non-Binary,6,YouTube,Ice skating,Canada,Suburban,Police Officer,91956,TRUE,193778,FALSE,TRUE
34,Male,4,Instagram,Genealogy research,Germany,Suburban,Retail Manager,121848,FALSE,24390,FALSE,TRUE
34,Male,6,YouTube,Lifestlye,India,Rural,Biochemist,93310,TRUE,176057,TRUE,FALSE
34,Male,5,YouTube,Mountain climbing,United States,Urban,Pharmaceutical Researcher,26004,TRUE,190903,FALSE,FALSE
34,Female,6,Instagram,Sports,Australia,Rural,Database Administrator,96956,FALSE,73326,FALSE,TRUE
33,Non-Binary,5,Instagram,Lifestlye,Australia,Urban,Psychologist,76618,FALSE,159820,TRUE,TRUE
33,Male,4,Facebook,Lifestlye,Australia,Rural,Musician,49898,TRUE,86020,TRUE,TRUE
33,Female,6,YouTube,Meditation,United Kingdom,Rural,Event Manager,107800,FALSE,48780,FALSE,TRUE
33,Male,6,YouTube,Calligraphy,China,Urban,Aircraft Mechanic,142183,TRUE,151766,FALSE,FALSE
33,Male,5,Instagram,Lifestlye,Thailand,Suburban,Industrial Designer,66915,TRUE,158770,FALSE,FALSE
33,Female,6,Facebook,Film-making,Australia,Suburban,Paramedic,38049,TRUE,134959,TRUE,FALSE
33,Male,6,YouTube,Travel,Australia,Urban,Archaeologist,39359,TRUE,190310,TRUE,TRUE
33,Female,6,Instagram,Lifestlye,United States,Rural,Veterinarian Assistant,94185,FALSE,104436,FALSE,FALSE
33,Male,5,YouTube,Interior decorating,United States,Suburban,Marketing Manage,109273,FALSE,122434,TRUE,FALSE
33,Male,4,Facebook,Lifestlye,Australia,Rural,Human Resources Assistant,144743,TRUE,69078,TRUE,FALSE
33,Female,4,Facebook,Sports,Australia,Urban,Environmental Scientist,130035,FALSE,160687,TRUE,TRUE
33,Male,5,Facebook,Travel,Bhutan,Urban,Aerospace Engineer,125056,FALSE,80382,TRUE,FALSE
33,Female,4,Instagram,Travel,Germany,Urban,Artist,138594,FALSE,173467,FALSE,TRUE
33,Male,4,Facebook,Lifestlye,Australia,Suburban,Archaeologist,68344,FALSE,121624,TRUE,TRUE
33,Male,5,YouTube,Travel,United Kingdom,Urban,Systems Analyst,84563,FALSE,80787,FALSE,TRUE
33,Female,5,Facebook,Lifestlye,United States,Rural,Sales Engineer,52344,TRUE,171685,TRUE,FALSE
33,Male,5,Facebook,Sports,Australia,Urban,Construction Worker,54209,FALSE,159304,TRUE,TRUE
33,Non-Binary,6,Facebook,Graphic design,United States,Suburban,Journalist,113997,FALSE,68569,FALSE,TRUE
33,Female,5,Instagram,Beekeeping,United Kingdom,Suburban,Event Planner,140071,TRUE,153657,FALSE,FALSE
33,Female,5,Facebook,Pottery,Myanmar,Suburban,Dental Assistant,71597,FALSE,29260,FALSE,TRUE
33,Female,5,Facebook,Cooking,United Kingdom,Urban,Human Resources Manager,51694,TRUE,102137,TRUE,TRUE
32,Male,4,Instagram,Sports,Australia,Suburban,Teacher,51030,FALSE,161411,FALSE,FALSE
32,Male,4,YouTube,Travel,Norway,Suburban,Project Manager,43853,TRUE,186604,TRUE,TRUE
32,Male,5,YouTube,Travel,United Kingdom,Suburban,Interior Designer,84332,TRUE,54277,TRUE,TRUE
32,Female,6,Instagram,Sports,South Africa,Rural,Nurse,49819,TRUE,161139,FALSE,TRUE
32,Male,4,Instagram,Sports,Hungary,Suburban,Marketing Specialist,130867,FALSE,169936,TRUE,FALSE
32,Female,4,Instagram,Lifestlye,Romania,Urban,Aerospace Engineer,95151,FALSE,176106,TRUE,TRUE
32,Male,5,YouTube,Lifestlye,Kosovo,Urban,Construction Worker,30009,FALSE,90882,TRUE,FALSE
32,Female,4,Facebook,Travel,United States,Rural,Interior Decorator,96898,FALSE,147310,FALSE,FALSE
32,Male,5,Facebook,Sports,United States,Suburban,Dental Hygienist,85422,TRUE,176250,TRUE,FALSE
32,Female,4,Facebook,Travel,United States,Urban,Legal Assistant,53816,TRUE,119379,FALSE,FALSE
32,Male,5,Facebook,Lifestlye,Australia,Rural,Carpenter,91774,FALSE,87005,FALSE,TRUE
32,Male,5,Facebook,Film-making,United Kingdom,Urban,Psychologist,76710,TRUE,105988,FALSE,TRUE
32,Female,6,YouTube,Cooking Japanese cuisine,United States,Suburban,Social Worker,99921,TRUE,188533,TRUE,FALSE
32,Female,6,Instagram,Chess,Mexico,Urban,Doctor,125681,FALSE,147348,FALSE,TRUE
32,Non-Binary,5,YouTube,Lifestlye,Mexico,Urban,Museum Curator,26156,TRUE,78766,FALSE,FALSE
32,Female,5,Facebook,Chess,United Kingdom,Urban,Solar Energy Technician,134435,FALSE,105510,TRUE,TRUE
32,Female,4,Instagram,Travel,France,Suburban,Social Worker,48362,TRUE,104982,TRUE,TRUE
32,Male,4,Facebook,Lifestlye,Vietnam,Urban,Artist,95048,TRUE,75467,FALSE,FALSE
31,Non-Binary,5,Instagram,Travel,Canada,Urban,Customer Support Specialist,57657,TRUE,65268,FALSE,TRUE
31,Female,6,Facebook,Lifestlye,Australia,Suburban,Photographer,124090,TRUE,41240,FALSE,FALSE
31,Male,6,Facebook,Sports,Norway,Urban,Marketing Specialist,84492,TRUE,61072,TRUE,FALSE
31,Male,4,Instagram,Sports,United Kingdom,Rural,Account Executive,62914,TRUE,162668,FALSE,TRUE
31,Male,5,YouTube,Lifestlye,Chile,Urban,Veterinarian,136112,FALSE,154638,FALSE,TRUE
31,Male,4,YouTube,Travel,Finland,Suburban,Chef,81011,FALSE,158453,FALSE,TRUE
31,Non-Binary,5,Instagram,Sports,United States,Suburban,Lawyer,92339,TRUE,39823,TRUE,FALSE
31,Male,5,Instagram,Sports,United Kingdom,Rural,Network Administrator,37632,TRUE,164598,FALSE,FALSE
31,Female,5,Instagram,Sports,United States,Urban,Project Manager,65501,TRUE,176008,TRUE,FALSE
31,Male,5,YouTube,Travel,Australia,Rural,Arbitrator,48915,FALSE,147261,FALSE,FALSE
31,Male,5,Instagram,Lifestlye,Australia,Suburban,Food Inspector,69927,FALSE,165664,FALSE,TRUE
31,Male,4,YouTube,Travel,United Kingdom,Rural,Data Analyst,144239,TRUE,18618,TRUE,TRUE
31,Male,5,YouTube,Playing musical instruments,Australia,Urban,HR Manager,64334,FALSE,105025,FALSE,FALSE
31,Female,4,YouTube,Calligraphy,United States,Rural,Event Planner,100260,TRUE,141197,TRUE,FALSE
31,Non-Binary,6,Instagram,Sports,Belgium,Rural,Mobile App Developer,145740,FALSE,133728,FALSE,TRUE
31,Male,6,Facebook,Travel,United States,Suburban,Robotics Engineer,97919,FALSE,26897,TRUE,TRUE
31,Male,5,Facebook,Sports,Canada,Urban,Event Manager,77018,FALSE,120122,TRUE,FALSE
31,Female,6,YouTube,Archery,Australia,Urban,Health Educator,90678,TRUE,81862,FALSE,TRUE
31,Non-Binary,6,Instagram,Playing musical instruments,Australia,Rural,Web Developer,131439,TRUE,153607,TRUE,FALSE
30,Female,4,Instagram,Sports,Slovakia,Rural,Account Executive,48488,TRUE,91326,FALSE,TRUE
30,Male,4,Instagram,Travel,Cyprus,Urban,Social Worker,115776,TRUE,114782,FALSE,TRUE
30,Female,5,Facebook,Calligraphy,United States,Rural,Landscape Architect,96983,FALSE,47707,FALSE,TRUE
30,Female,6,Instagram,Travel,United States,Urban,Office Manager,103219,TRUE,88314,FALSE,TRUE
30,Female,5,YouTube,Beekeeping,United Kingdom,Suburban,Social Worker,43911,FALSE,167927,FALSE,FALSE
30,Female,4,Facebook,Urban exploration,United Kingdom,Suburban,Advertising Manager,68008,FALSE,120963,TRUE,TRUE
30,Female,6,Facebook,Travel,Australia,Suburban,Investment Analyst,121001,FALSE,95456,FALSE,FALSE
30,Male,6,Instagram,Sports,Australia,Rural,Medical Illustrator,114558,TRUE,85941,TRUE,FALSE
30,Female,6,Instagram,Travel,United States,Urban,Customer Service Representative,52038,FALSE,197696,FALSE,FALSE
30,Male,4,Instagram,Travel,Australia,Suburban,Retail Manager,59766,TRUE,17890,FALSE,TRUE
30,Male,4,YouTube,Travel,United States,Urban,Nurse,114849,TRUE,114588,TRUE,FALSE
30,Female,4,YouTube,Scuba diving,Australia,Urban,Civil Engineer,48615,FALSE,172563,TRUE,TRUE
30,Male,4,Instagram,Lifestlye,United States,Suburban,Occupational Therapist,122485,FALSE,78116,TRUE,FALSE
30,Male,6,YouTube,Travel,Australia,Urban,Electrician,88819,FALSE,29747,FALSE,TRUE
30,Male,6,Facebook,Cooking,United Kingdom,Rural,Dentist,60174,TRUE,56227,FALSE,FALSE
30,Non-Binary,5,Facebook,Urban gardening,New Zealand,Suburban,Financial Consultant,68909,FALSE,58054,FALSE,TRUE
30,Male,6,YouTube,Travel,Australia,Rural,Sales Engineer,44383,FALSE,168327,FALSE,TRUE
30,Male,5,Instagram,Cooking,Australia,Suburban,Social Worker,94389,FALSE,165044,FALSE,TRUE
29,Male,5,Facebook,Travel,United States,Rural,Carpenter,122136,TRUE,194947,FALSE,TRUE
29,Female,5,Facebook,Gaming,United States,Suburban,Project Manager,113256,FALSE,140706,TRUE,FALSE
29,Female,4,Facebook,Sports,United Kingdom,Suburban,Business Analyst,27600,FALSE,128336,TRUE,FALSE
29,Male,5,YouTube,Travel,Norway,Rural,Event Planner,127728,TRUE,99298,FALSE,TRUE
29,Non-Binary,5,Instagram,Sports,Brazil,Rural,Financial Analyst,135386,TRUE,72386,FALSE,TRUE
29,Male,4,Facebook,Sports,United Kingdom,Suburban,Physical Therapist,142654,FALSE,178364,TRUE,FALSE
29,Male,5,Facebook,Sports,Australia,Urban,Journalist,138249,FALSE,99689,FALSE,FALSE
29,Male,5,Facebook,Sports,United States,Rural,Social Worker,123492,TRUE,26645,TRUE,FALSE
29,Female,5,YouTube,Sports,United States,Suburban,Marketing Specialist,105358,FALSE,28212,FALSE,TRUE
29,Female,5,YouTube,Sports,United Kingdom,Urban,Physical Therapist Assistant,128669,TRUE,36669,FALSE,TRUE
29,Male,6,Instagram,Lifestlye,United States,Urban,Forensic Scientist,125666,FALSE,76121,FALSE,FALSE
29,Female,5,Facebook,Sewing,United Kingdom,Urban,Mechanical Drafter,92270,FALSE,158916,TRUE,FALSE
29,Male,5,Facebook,Sports,United States,Rural,Freelance Writer,119316,FALSE,174555,TRUE,FALSE
29,Female,6,Facebook,Sports,United States,Rural,Tax Accountant,26840,FALSE,43385,FALSE,TRUE
29,Male,6,Facebook,Sports,United Kingdom,Suburban,Certified Nursing Assistant,86372,FALSE,63688,FALSE,TRUE
29,Male,6,Instagram,Sports,United Kingdom,Rural,Mechanical Designer,128991,FALSE,148130,FALSE,TRUE
29,Female,6,Instagram,Sports,United Kingdom,Suburban,Account Executive,83205,FALSE,31798,TRUE,TRUE
29,Male,4,Instagram,Parkour,United States,Suburban,Psychologist,116531,FALSE,191665,TRUE,FALSE
29,Male,5,Facebook,Archery,United Kingdom,Suburban,Nurse Practitioner,103579,FALSE,51292,TRUE,FALSE
29,Female,6,Instagram,Genealogy research,United Kingdom,Urban,Aerospace Engineer,93496,TRUE,129707,FALSE,FALSE
29,Male,6,Facebook,Travel,China,Suburban,Radiologic Technologist,128488,TRUE,20584,FALSE,TRUE
29,Male,4,YouTube,Sewing,United States,Urban,Sales Representative,60239,TRUE,20193,TRUE,TRUE
28,Male,6,Instagram,Cooking,Australia,Suburban,Marketing Manager,54337,TRUE,181845,FALSE,TRUE
28,Male,5,YouTube,Photography,Canada,Urban,Doctor,71499,TRUE,58095,TRUE,FALSE
28,Male,5,Instagram,Lifestlye,Argentina,Urban,Pharmacist,138240,TRUE,145742,FALSE,FALSE
28,Female,6,Instagram,Lifestlye,United Kingdom,Rural,IT Consultant,105691,FALSE,183980,TRUE,FALSE
28,Male,5,Instagram,Sports,United States,Suburban,Personal Assistant,116707,FALSE,139276,FALSE,FALSE
28,Female,4,Facebook,Sculpting,Australia,Suburban,Public Relations Specialist,57980,FALSE,155795,FALSE,TRUE
28,Female,6,YouTube,Lifestlye,South Africa,Suburban,Pharmaceutical Researcher,95052,FALSE,174024,FALSE,FALSE
28,Female,6,Instagram,Stand-up comedy,United States,Rural,Veterinarian,61780,TRUE,176484,TRUE,FALSE
28,Male,6,YouTube,Lifestlye,Australia,Rural,Veterinary Assistant,66895,TRUE,110109,TRUE,TRUE
28,Male,5,Instagram,Sports,Australia,Suburban,Aerospace Engineer,107974,TRUE,103195,FALSE,TRUE
28,Non-Binary,6,Facebook,Travel,Australia,Urban,Administrative Assistant,120504,FALSE,179414,TRUE,TRUE
28,Non-Binary,4,Instagram,Pottery,United Kingdom,Suburban,Veterinarian,133116,TRUE,174925,FALSE,FALSE
28,Male,4,YouTube,Travel,United States,Urban,Account Executive,115927,FALSE,108078,TRUE,FALSE
28,Male,6,Instagram,Playing board games,United Kingdom,Suburban,Software Developer,29289,FALSE,53459,FALSE,TRUE
28,Female,6,Instagram,Beekeeping,Japan,Urban,Wedding Planner,27411,FALSE,69388,FALSE,TRUE
28,Female,4,Facebook,Scuba diving,United Kingdom,Urban,Video Game Designer,97102,FALSE,126178,FALSE,TRUE
28,Female,5,Facebook,Sports,United Kingdom,Suburban,HR Manager,114798,FALSE,85731,FALSE,TRUE
28,Male,5,Instagram,Woodworking,New Zealand,Suburban,Administrative Assistant,65395,FALSE,86104,TRUE,FALSE
28,Male,5,YouTube,Sports,United Kingdom,Suburban,HR Manager,120225,FALSE,163872,FALSE,FALSE
28,Non-Binary,4,Facebook,Pottery,United Kingdom,Suburban,Administrative Assistant,88430,FALSE,18741,TRUE,TRUE
27,Male,4,Facebook,Travel,Japan,Rural,Software Tester,136786,FALSE,150898,FALSE,TRUE
27,Female,4,Instagram,Sports,United States,Rural,Doctor,125853,TRUE,160777,FALSE,FALSE
27,Female,7,Instagram,Travel,Australia,Suburban,Administrative Assistant,53934,TRUE,136718,FALSE,FALSE
27,Male,4,Instagram,Travel,United States,Rural,Biomedical Scientist,147139,TRUE,29894,TRUE,TRUE
27,Male,6,Facebook,Learning languages,United States,Suburban,Social Media Influencer,45005,FALSE,148251,TRUE,FALSE
27,Female,4,Instagram,Travel,Australia,Rural,Cybersecurity Analyst,43388,TRUE,140270,FALSE,FALSE
27,Male,6,Facebook,Sports,United States,Rural,Data Entry Clerk,57134,TRUE,79894,TRUE,TRUE
27,Male,4,Instagram,Sports,United Kingdom,Urban,Financial Analyst,85664,TRUE,192397,FALSE,TRUE
27,Female,7,YouTube,Creative writing,Australia,Rural,Project Manager,78910,FALSE,71117,TRUE,FALSE
27,Male,5,YouTube,Travel,Australia,Suburban,Physical Therapist,64796,TRUE,149267,TRUE,TRUE
27,Male,8,YouTube,Wine tasting,Australia,Urban,Police Officer,102402,TRUE,38720,FALSE,FALSE
27,Female,8,Instagram,Sewing,United States,Rural,Pharmacist,75056,FALSE,184655,TRUE,FALSE
27,Male,8,Instagram,Martial arts,Thailand,Rural,Social Worker,117702,FALSE,139641,FALSE,TRUE
27,Male,5,Facebook,Knitting,Canada,Suburban,Pharmacist,76313,TRUE,86864,FALSE,TRUE
27,Male,5,Facebook,Graphic design,United Kingdom,Suburban,Proofreader,139912,FALSE,119549,TRUE,TRUE
27,Female,6,Instagram,Lifestlye,Australia,Suburban,IT Project Manager,104743,FALSE,36546,TRUE,TRUE
27,Male,5,Instagram,Mountain biking,United States,Suburban,Artist,135570,FALSE,164331,FALSE,TRUE
27,Non-Binary,7,YouTube,Yoga,United Kingdom,Rural,Carpenter,51775,TRUE,70632,FALSE,TRUE
26,Non-Binary,6,Instagram,Sports,United States,Suburban,Account Manager,127403,TRUE,130426,FALSE,FALSE
26,Male,5,Facebook,Travel,Brazil,Rural,Graphic Artist,71627,FALSE,154283,FALSE,FALSE
26,Male,7,YouTube,Lifestlye,Italy,Urban,Lawyer,107828,FALSE,161358,FALSE,TRUE
26,Male,7,Instagram,Photography,United States,Suburban,Veterinarian,61253,FALSE,139374,FALSE,TRUE
26,Female,7,Facebook,Lifestlye,Czech Republic,Urban,Human Resources Assistant,117579,TRUE,62755,FALSE,TRUE
26,Male,4,YouTube,Horseback riding,Australia,Rural,Advertising Manager,114859,TRUE,74830,TRUE,FALSE
26,Male,6,YouTube,DIY Projects,Russia,Urban,Insurance Underwriter,143420,FALSE,113175,TRUE,TRUE
26,Female,5,Facebook,Sculpting,United Kingdom,Urban,Human Resources Assistant,87850,FALSE,90019,TRUE,TRUE
26,Female,6,Instagram,Travel,United States,Rural,Personal Trainer,60824,TRUE,120545,FALSE,TRUE
26,Female,7,YouTube,Sports,United Kingdom,Suburban,Dentist,46038,TRUE,196757,FALSE,TRUE
26,Female,5,YouTube,Sports,United Kingdom,Rural,Archivist,31903,FALSE,117133,TRUE,TRUE
26,Female,7,Facebook,Lifestlye,United States,Urban,Home Inspector,47267,TRUE,185971,TRUE,TRUE
26,Male,6,YouTube,Travel,United Kingdom,Suburban,Social Worker,79119,TRUE,127126,TRUE,FALSE
26,Male,4,Instagram,Lifestlye,Australia,Suburban,Financial Analyst,93310,TRUE,121364,FALSE,TRUE
26,Male,5,Facebook,Kayaking,United Kingdom,Suburban,Police Detective,93741,TRUE,140294,FALSE,FALSE
26,Female,7,Instagram,DIY Projects,United States,Suburban,Data Analyst,125651,TRUE,74267,FALSE,TRUE
26,Non-Binary,4,YouTube,Sports,Australia,Urban,Animal Trainer,63532,TRUE,62033,TRUE,FALSE
26,Male,6,Facebook,Sports,India,Rural,Financial Consultant,133999,TRUE,166803,TRUE,FALSE
25,Male,6,Instagram,Lifestlye,Australia,Urban,Graphic Designer,63303,FALSE,52828,TRUE,TRUE
25,Male,4,YouTube,Lifestlye,Mexico,Suburban,Pharmacy Technician,86099,FALSE,94438,TRUE,TRUE
25,Female,7,Instagram,Travel,Australia,Urban,Paramedic,48248,FALSE,191660,FALSE,FALSE
25,Female,7,Instagram,Lifestlye,Australia,Rural,Social Worker,107553,TRUE,38674,TRUE,TRUE
25,Female,7,Instagram,Travel,United States,Rural,Mechanical Engineer,116181,FALSE,155795,FALSE,TRUE
25,Female,4,Facebook,Writing,United Kingdom,Suburban,Psychologist,26844,TRUE,102619,FALSE,TRUE
25,Male,8,Facebook,Stand-up comedy,United Kingdom,Urban,Paramedic,63709,TRUE,86987,TRUE,TRUE
25,Female,7,Instagram,Scuba diving,United States,Urban,Marketing Manager,89000,FALSE,175888,TRUE,FALSE
25,Male,5,Instagram,Sports,United States,Rural,Marketing Manager,145761,TRUE,125100,TRUE,FALSE
25,Non-Binary,5,Instagram,Lifestlye,India,Rural,Artist,62447,TRUE,112667,TRUE,FALSE
25,Female,7,YouTube,Lifestlye,United States,Suburban,Copywriter,34847,FALSE,153547,FALSE,FALSE
25,Female,5,YouTube,Travel,United Kingdom,Suburban,Financial Analyst,37712,TRUE,99251,FALSE,FALSE
25,Female,7,YouTube,Model building,Australia,Urban,Urban Planner,54935,FALSE,27288,FALSE,TRUE
25,Female,4,Instagram,Travel,Australia,Urban,Artist,122766,TRUE,37818,TRUE,FALSE
25,Non-Binary,7,Instagram,Lifestlye,United States,Urban,Data Analyst,114175,FALSE,46667,TRUE,FALSE
25,Female,6,Instagram,Playing board games,United States,Rural,Chef,60860,TRUE,166800,TRUE,TRUE
25,Female,4,Instagram,Fishing,United Kingdom,Rural,Teacher Assistant,25878,FALSE,49762,TRUE,TRUE
25,Male,6,Facebook,Salsa dancing,Australia,Urban,Customer Support Specialist,109481,FALSE,23633,FALSE,TRUE
25,Female,7,Instagram,Yoga,Australia,Rural,Chef,124336,FALSE,36693,TRUE,FALSE
25,Female,7,Facebook,Skydiving,United Kingdom,Suburban,Forensic Scientist,121439,TRUE,46677,FALSE,TRUE
25,Male,8,Facebook,Sports,Malaysia,Suburban,Personal Assistant,128155,TRUE,143209,TRUE,FALSE
25,Female,4,YouTube,Photography,Australia,Suburban,Account Executive,68766,FALSE,152332,TRUE,FALSE
25,Female,5,YouTube,Lifestlye,United Kingdom,Urban,Data Analyst,124699,TRUE,192073,TRUE,FALSE
24,Non-Binary,5,Instagram,Lifestlye,United Kingdom,Rural,Nurse Practitioner,58393,TRUE,42024,FALSE,TRUE
24,Male,8,Facebook,Sports,Norway,Suburban,Biomedical Engineer,61353,FALSE,33194,TRUE,TRUE
24,Male,7,Instagram,Lifestlye,Japan,Suburban,Electrician,121981,FALSE,55583,TRUE,TRUE
24,Female,6,Instagram,Gardening,United States,Suburban,Architect,63281,FALSE,169266,FALSE,FALSE
24,Male,6,YouTube,Lifestlye,Luxembourg,Suburban,Pharmacist,83451,TRUE,151374,FALSE,FALSE
24,Male,6,YouTube,Sports,Australia,Rural,Home Inspector,45362,FALSE,77051,TRUE,TRUE
24,Male,7,YouTube,Travel,France,Suburban,Forensic Accountant,120295,FALSE,118439,FALSE,FALSE
24,Non-Binary,5,Facebook,Lifestlye,United States,Urban,Doctor,50305,TRUE,69556,TRUE,FALSE
24,Female,4,YouTube,Travel,Australia,Urban,Occupational Therapist,75513,FALSE,164979,FALSE,TRUE
24,Female,5,Instagram,Travel,Australia,Suburban,Forester,57075,FALSE,18008,TRUE,FALSE
24,Male,5,Facebook,Sports,United Kingdom,Rural,E commerce Manager,28322,TRUE,25517,TRUE,FALSE
24,Female,4,Instagram,Sports,Australia,Urban,Marketing Manager,85050,TRUE,138972,FALSE,FALSE
24,Female,6,Instagram,Travel,United Kingdom,Suburban,Financial Consultant,123989,TRUE,75200,FALSE,FALSE
24,Male,4,YouTube,Photography,South Africa,Urban,Network Engineer,71443,TRUE,144350,FALSE,TRUE
23,Female,5,Instagram,Lifestlye,Brazil,Urban,Archaeologist,133249,FALSE,17511,FALSE,TRUE
23,Female,6,Facebook,Sports,United States,Urban,Zoologist,76967,FALSE,100454,TRUE,TRUE
23,Female,8,Facebook,Woodworking,Australia,Rural,Investment Banker,133787,TRUE,96644,FALSE,FALSE
23,Female,6,Instagram,Lifestlye,Australia,Urban,Optometrist,132710,FALSE,62869,FALSE,TRUE
23,Female,6,Facebook,Travel,Australia,Rural,Freelance Writer,52709,FALSE,95430,TRUE,FALSE
23,Female,6,Instagram,Film-making,Spain,Rural,Ethical Hacker,118216,TRUE,109579,FALSE,FALSE
23,Male,5,Facebook,Travel,United States,Urban,Financial Analyst,144935,FALSE,46227,FALSE,FALSE
23,Female,8,Instagram,Travel,United Kingdom,Urban,Musician,106700,FALSE,143917,TRUE,FALSE
23,Male,5,Instagram,Baking,Australia,Suburban,Teacher,128409,TRUE,169419,TRUE,FALSE
23,Male,4,Instagram,Lifestlye,Australia,Suburban,Sales Representative,35442,FALSE,80462,FALSE,TRUE
23,Male,7,Facebook,Lifestlye,Australia,Urban,Lawyer,144240,FALSE,85497,TRUE,FALSE
23,Male,7,YouTube,Travel,United States,Urban,Automotive Mechanic,57618,FALSE,128185,TRUE,TRUE
23,Male,7,Instagram,Travel,United States,Rural,Software Engineer,93459,FALSE,146346,FALSE,TRUE
23,Male,6,YouTube,Graphic design,France,Suburban,Zoologist,103641,FALSE,25815,FALSE,TRUE
23,Female,6,Facebook,Sports,United Kingdom,Rural,Pharmaceutical Sales Representative,122089,FALSE,102412,FALSE,FALSE
23,Female,7,YouTube,Surfing,Bhutan,Suburban,Doctor,79611,TRUE,192531,FALSE,FALSE
23,Female,4,Facebook,Chess,United Kingdom,Urban,Financial Analyst,68813,FALSE,124064,FALSE,FALSE
23,Male,8,Facebook,Lifestlye,South Africa,Urban,Pharmacist,94271,FALSE,94839,TRUE,FALSE
23,Female,6,Instagram,Sports,United States,Rural,Retail Manager,141059,FALSE,131389,TRUE,TRUE
23,Female,4,Instagram,Travel,Belgium,Urban,Customer Service Representative,65872,TRUE,40565,FALSE,FALSE
23,Male,8,YouTube,Lifestlye,Japan,Rural,Police Officer,139874,FALSE,25287,TRUE,TRUE
23,Male,7,YouTube,Lifestlye,Netherlands,Rural,Nurse,57306,FALSE,185366,TRUE,FALSE
23,Non-Binary,5,YouTube,Ice skating,United States,Urban,Mechanical Engineer,81292,FALSE,82996,FALSE,FALSE
22,Male,7,YouTube,Traveling,United Kingdom,Urban,Carpenter,33945,TRUE,171900,FALSE,TRUE
22,Male,5,Facebook,Sports,Austria,Suburban,Electrician,77541,TRUE,95033,TRUE,TRUE
22,Female,4,YouTube,Travel,United Kingdom,Urban,Wildlife Biologist,99676,TRUE,184268,TRUE,FALSE
22,Male,8,YouTube,Sports,Sweden,Rural,Chef,42370,TRUE,27617,TRUE,TRUE
22,Non-Binary,6,Instagram,Sports,Argentina,Rural,Graphic Designer,121220,TRUE,91863,FALSE,TRUE
22,Male,6,Facebook,Travel,Australia,Urban,Chef,133864,TRUE,58595,TRUE,TRUE
22,Male,7,Instagram,Sports,Australia,Urban,Aerospace Engineer,101565,TRUE,142359,FALSE,TRUE
22,Female,4,Facebook,Travel,Australia,Rural,Event Planner,39482,TRUE,33065,TRUE,TRUE
22,Female,4,YouTube,Travel,Australia,Suburban,Human Resources Assistant,124025,TRUE,147870,TRUE,FALSE
22,Male,7,YouTube,Lifestlye,Australia,Suburban,Customer Service Representative,36973,FALSE,128735,FALSE,TRUE
22,Female,5,Facebook,Sports,Thailand,Rural,Pharmacist,98806,TRUE,106662,FALSE,FALSE
22,Male,7,Instagram,Sports,United States,Rural,Pharmaceutical Researcher,109558,FALSE,188928,TRUE,FALSE
22,Female,6,Instagram,Sports,Australia,Rural,Chef,34678,TRUE,135033,TRUE,TRUE
22,Female,7,YouTube,Sports,United Kingdom,Suburban,Social Worker,149906,TRUE,67718,TRUE,TRUE
22,Female,4,Facebook,Lifestlye,United States,Rural,Copywriter,25428,FALSE,120433,TRUE,TRUE
22,Male,5,Facebook,Travel,United Kingdom,Suburban,Software Tester,96257,TRUE,109439,TRUE,FALSE
22,Male,8,Instagram,Lifestlye,United States,Rural,Accountant,67872,FALSE,141583,TRUE,FALSE
22,Male,7,YouTube,Travel,Australia,Suburban,Electrician,99194,FALSE,141093,FALSE,FALSE
22,Female,7,Facebook,Horseback riding,United Kingdom,Urban,Account Executive,58280,FALSE,78638,TRUE,TRUE
22,Non-Binary,8,Instagram,Ballet,Indonesia,Suburban,Financial Analyst,131978,FALSE,159440,TRUE,FALSE
22,Male,7,YouTube,Sewing,Belgium,Rural,HR Manager,119944,FALSE,57870,TRUE,FALSE
22,Female,6,Instagram,Travel,Australia,Urban,Mortgage Broker,126893,FALSE,176323,TRUE,TRUE
22,Male,7,YouTube,Sports,Canada,Rural,Social Media Influencer,94697,FALSE,174243,TRUE,TRUE
22,Male,5,YouTube,Lifestlye,South Korea,Rural,Software Engineer,43732,FALSE,70356,TRUE,TRUE
22,Non-Binary,8,Instagram,Ballet,United Kingdom,Rural,HR Manager,121043,FALSE,84451,TRUE,FALSE
21,Male,5,Instagram,Travel,Mexico,Rural,Financial Advisor,140819,FALSE,62477,TRUE,TRUE
21,Male,6,YouTube,Sports,United Kingdom,Suburban,Insurance Agent,41212,FALSE,138520,FALSE,FALSE
21,Female,4,YouTube,Lifestlye,United States,Suburban,Financial Planner,37045,FALSE,156484,FALSE,TRUE
21,Female,8,Instagram,Sports,Estonia,Urban,Musician,87880,TRUE,133826,FALSE,TRUE
21,Female,7,Facebook,Sports,Australia,Rural,Technical Support Specialist,141135,TRUE,38811,TRUE,FALSE
21,Male,4,Instagram,Sports,United States,Suburban,Graphic Designer,65652,TRUE,28893,TRUE,FALSE
21,Male,8,Facebook,Sports,Australia,Rural,Lawyer,145335,FALSE,183710,FALSE,FALSE
21,Female,6,YouTube,Travel,United States,Urban,Nurse,85408,FALSE,43473,FALSE,FALSE
21,Female,7,YouTube,Lifestlye,Canada,Urban,Mechanical Engineer,90099,FALSE,45570,FALSE,FALSE
21,Male,4,YouTube,Lifestlye,Australia,Rural,Respiratory Therapist,58232,FALSE,125898,FALSE,FALSE
21,Male,7,Instagram,Lifestlye,Australia,Rural,Lawyer,26220,TRUE,174319,FALSE,TRUE
21,Female,8,Instagram,Graphic design,Australia,Suburban,Journalist,49864,TRUE,77118,FALSE,TRUE
21,Non-Binary,8,Instagram,Reading,United Kingdom,Suburban,Plumber,113329,FALSE,91222,TRUE,FALSE
21,Female,5,Facebook,Playing musical instruments,Norway,Suburban,Fashion Merchandiser,131132,TRUE,91237,TRUE,FALSE
21,Male,7,Instagram,DIY Projects,South Korea,Rural,Executive Assistant,100630,FALSE,120840,TRUE,TRUE
21,Male,7,Facebook,Travel,United Kingdom,Urban,Ethnobotanist,102180,TRUE,77931,FALSE,TRUE
21,Male,5,Facebook,Lifestlye,Australia,Rural,Mechanical Engineer,129552,FALSE,141090,FALSE,TRUE
21,Male,5,Instagram,Reading,United States,Urban,Plumber,54463,FALSE,22542,TRUE,FALSE
21,Male,8,Instagram,Photography,United States,Rural,Accountant,88603,FALSE,118736,TRUE,TRUE
20,Non-Binary,7,Facebook,Gardening,Germany,Suburban,Administrative Assistant,48708,TRUE,42894,TRUE,FALSE
20,Male,5,Instagram,Lifestlye,United Kingdom,Suburban,Chef,136184,TRUE,25083,FALSE,FALSE
20,Female,7,Instagram,Travel,Belgium,Suburban,Psychologist,92417,FALSE,183961,FALSE,FALSE
20,Male,6,Instagram,Rock climbing,United Kingdom,Suburban,Veterinary Technician,77824,TRUE,42434,FALSE,TRUE
20,Female,4,Facebook,Travel,South Africa,Urban,Radiologic Technologist,47227,FALSE,54818,FALSE,TRUE
20,Male,5,Instagram,Sports,Nigeria,Urban,Network Engineer,36752,TRUE,21773,TRUE,TRUE
20,Male,7,YouTube,Lifestlye,New Zealand,Urban,Tax Accountant,89368,FALSE,72219,FALSE,FALSE
20,Female,7,Instagram,Calligraphy,United Kingdom,Urban,Account Executive,48427,TRUE,45935,TRUE,FALSE
20,Male,7,Instagram,Sports,Canada,Suburban,Customer Service Representative,136868,FALSE,81034,FALSE,FALSE
20,Female,5,YouTube,Lifestlye,United States,Suburban,Dentist,126944,FALSE,188164,TRUE,TRUE
20,Male,6,Facebook,Lifestlye,United Kingdom,Urban,Project Manager,89374,TRUE,129606,FALSE,FALSE
20,Female,4,YouTube,Lifestlye,Australia,Rural,Account Executive,70368,TRUE,140409,TRUE,TRUE
20,Female,7,YouTube,Sports,Australia,Suburban,Fashion Merchandiser,138689,TRUE,144484,FALSE,TRUE
20,Non-Binary,5,Instagram,Sports,Australia,Rural,Police Officer,72282,TRUE,36648,TRUE,TRUE
20,Non-Binary,8,Facebook,Lifestlye,Australia,Rural,Software Engineer,76431,TRUE,109066,TRUE,FALSE
20,Male,6,Instagram,Mountain biking,United Kingdom,Suburban,Dentist,106763,TRUE,26603,TRUE,FALSE
20,Female,5,YouTube,Photography,Australia,Urban,Chef,59936,TRUE,158211,TRUE,TRUE
20,Female,6,Facebook,Salsa dancing,United States,Rural,Marketing Specialist,137924,TRUE,37750,FALSE,TRUE
20,Male,4,Facebook,Birdwatching,Austria,Suburban,Biomedical Scientist,60899,TRUE,146633,TRUE,FALSE
20,Male,5,Facebook,Sports,Australia,Rural,Paramedic,73928,TRUE,160957,TRUE,FALSE
20,Male,4,Instagram,Woodworking,Canada,Urban,Environmental Engineer,93095,TRUE,108585,TRUE,FALSE
20,Female,6,Facebook,Archery,United States,Suburban,Food Inspector,91146,TRUE,57758,FALSE,FALSE
20,Non-Binary,5,YouTube,Lifestlye,United Kingdom,Rural,Graphic Designer,79620,TRUE,127870,FALSE,FALSE
20,Non-Binary,5,Facebook,Creative writing,Australia,Suburban,Pharmacist,122829,FALSE,26573,FALSE,TRUE
19,Male,7,Instagram,Playing musical instruments,Norway,Rural,Social Worker,33303,FALSE,138448,TRUE,TRUE
19,Non-Binary,6,YouTube,Knitting,France,Rural,Artist,53264,TRUE,194270,TRUE,TRUE
19,Male,6,Instagram,Sports,Italy,Suburban,IT Technician,91620,TRUE,142947,TRUE,TRUE
19,Male,5,Facebook,Sports,France,Urban,Automotive Mechanic,118282,FALSE,32713,TRUE,TRUE
19,Male,8,Facebook,Travel,Andorra,Rural,Artist,78317,FALSE,160752,FALSE,TRUE
19,Female,4,Instagram,Travel,Brazil,Rural,Surveyor,147675,FALSE,199393,TRUE,FALSE
19,Female,6,YouTube,Sports,India,Rural,Respiratory Therapist,83043,FALSE,184378,FALSE,TRUE
19,Male,6,Facebook,Sports,Norway,Suburban,Mobile App Developer,134486,TRUE,42718,FALSE,FALSE
19,Male,7,YouTube,Travel,Australia,Rural,Makeup Artist,120636,FALSE,68803,FALSE,TRUE
19,Male,5,Facebook,Lifestlye,New Zealand,Urban,IT Project Manager,125521,FALSE,157943,TRUE,TRUE
19,Male,7,YouTube,Lifestlye,United Kingdom,Suburban,Artist,124034,FALSE,162733,TRUE,FALSE
19,Male,7,Instagram,Travel,United Kingdom,Urban,Teacher Assistant,25362,TRUE,60690,FALSE,FALSE
19,Male,6,Instagram,Lifestlye,Australia,Suburban,Welder,88176,FALSE,70090,FALSE,FALSE
19,Female,8,YouTube,Lifestlye,United States,Rural,Marketing Specialist,65113,TRUE,87711,FALSE,FALSE
19,Female,5,Facebook,Travel,Australia,Urban,Zoologist,92199,TRUE,135008,TRUE,TRUE
19,Male,4,Instagram,Archery,United States,Rural,Mortgage Broker,129209,FALSE,156619,FALSE,FALSE
19,Female,4,Facebook,Sports,Australia,Rural,Plumber,117479,FALSE,131447,TRUE,TRUE
19,Female,5,Instagram,Travel,United Kingdom,Suburban,Network Administrator,85863,TRUE,49095,FALSE,TRUE
19,Male,6,YouTube,Learning magic tricks,United States,Suburban,Chef,96787,TRUE,101074,FALSE,FALSE
19,Male,6,Instagram,Mountain climbing,Singapore,Rural,Fashion Stylist,49749,FALSE,142371,FALSE,FALSE
19,Male,7,YouTube,Sports,Australia,Rural,Insurance Underwriter,91898,TRUE,69263,TRUE,TRUE
19,Male,4,Facebook,Lifestlye,Australia,Rural,Web Developer,32617,FALSE,120853,FALSE,TRUE
19,Female,7,YouTube,Travel,Myanmar,Rural,Mechanical Engineer,146762,FALSE,112296,TRUE,TRUE
19,Male,5,YouTube,Travel,Australia,Rural,Librarian,135633,FALSE,19052,TRUE,FALSE
18,Female,4,Instagram,Travel,United Kingdom,Suburban,Accountant,34301,FALSE,135285,TRUE,FALSE
18,Female,8,YouTube,Sports,Canada,Rural,Sales Representative,65482,TRUE,166318,FALSE,TRUE
18,Male,7,YouTube,Travel,Germany,Suburban,Social Worker,136411,TRUE,179986,TRUE,FALSE
18,Male,4,YouTube,Travel,Netherlands,Rural,Project Manager,72391,TRUE,162177,FALSE,TRUE
18,Male,6,Instagram,DIY Projects,United Kingdom,Suburban,Forensic Scientist,52964,FALSE,143147,TRUE,FALSE
18,Male,5,YouTube,Lifestlye,Germany,Urban,Claims Adjuster,111744,TRUE,35463,TRUE,TRUE
18,Male,5,Instagram,Lifestlye,Russia,Urban,Systems Analyst,116650,TRUE,35788,TRUE,TRUE
18,Female,6,YouTube,Travel,Switzerland,Urban,Food Inspector,128670,FALSE,33676,TRUE,TRUE
18,Male,6,YouTube,Travel,Australia,Urban,Archaeologist,38871,TRUE,100450,FALSE,TRUE
18,Female,8,YouTube,Sports,United Kingdom,Urban,Architect,38703,TRUE,105252,TRUE,TRUE
18,Female,4,YouTube,Travel,United Kingdom,Urban,Veterinarian,41300,FALSE,168372,TRUE,TRUE
18,Male,6,YouTube,Lifestlye,Australia,Suburban,Software Tester,136734,TRUE,188574,FALSE,FALSE
18,Male,5,YouTube,Lifestlye,United Kingdom,Rural,Police Officer,120462,FALSE,19028,TRUE,TRUE
18,Male,5,YouTube,Travel,United Kingdom,Urban,Landscape Architect,138259,FALSE,91856,FALSE,FALSE
18,Female,8,Facebook,Sports,United States,Rural,Archaeologist,31750,FALSE,37050,FALSE,FALSE
18,Male,6,Facebook,Lifestlye,United States,Rural,Librarian,92442,FALSE,193161,TRUE,TRUE
18,Male,4,Facebook,Chess,United Kingdom,Rural,Librarian,129544,TRUE,195261,FALSE,TRUE
18,Male,4,Facebook,Travel,Australia,Urban,Marketing Specialist,113263,TRUE,188062,FALSE,TRUE
18,Male,7,Facebook,Sports,United Kingdom,Urban,Event Coordinator,104333,TRUE,115735,TRUE,TRUE
18,Female,5,Instagram,Pottery,Australia,Suburban,Biologist,118248,FALSE,135814,TRUE,FALSE
18,Male,8,YouTube,Creative writing,United Kingdom,Suburban,Architect,68457,TRUE,61819,TRUE,FALSE
18,Female,7,Instagram,Knitting,United Kingdom,Rural,Interior Designer,118548,TRUE,178989,TRUE,TRUE
18,Female,6,Instagram,Lifestlye,Australia,Urban,Business Analyst,64349,FALSE,139374,FALSE,FALSE
18,Non-Binary,5,Instagram,Lifestlye,Australia,Suburban,Technical Support Specialist,112388,TRUE,63679,TRUE,TRUE
18,Male,7,Instagram,Surfing,Australia,Suburban,Doctor,33007,FALSE,185765,TRUE,TRUE
